scope,condition,epsilon,seed,subject,regime,model,balanced_accuracy,macro_f1,advantage_over_chance,session_accuracy
utility,clean,,,1,,personalized_logistic_regression,0.767361111111111,0.7680261954543319,,
utility,clean,,,2,,personalized_logistic_regression,0.4722222222222222,0.44059467794385304,,
utility,clean,,,3,,personalized_logistic_regression,0.8263888888888888,0.8167732985792284,,
utility,clean,,,4,,personalized_logistic_regression,0.5833333333333333,0.5811963209661419,,
utility,clean,,,5,,personalized_logistic_regression,0.4652777777777778,0.44707803177249206,,
utility,clean,,,6,,personalized_logistic_regression,0.5034722222222222,0.4996453687866543,,
utility,clean,,,7,,personalized_logistic_regression,0.6284722222222223,0.5995798154103462,,
utility,clean,,,8,,personalized_logistic_regression,0.6111111111111112,0.6157431360649752,,
utility,clean,,,9,,personalized_logistic_regression,0.6527777777777778,0.6559302870999717,,
utility,clipped,,,1,,personalized_logistic_regression,0.767361111111111,0.7680261954543319,,
utility,clipped,,,2,,personalized_logistic_regression,0.4756944444444444,0.44511036747756255,,
utility,clipped,,,3,,personalized_logistic_regression,0.8298611111111112,0.8199086379466126,,
utility,clipped,,,4,,personalized_logistic_regression,0.5833333333333333,0.5811963209661419,,
utility,clipped,,,5,,personalized_logistic_regression,0.4652777777777778,0.44361341440943425,,
utility,clipped,,,6,,personalized_logistic_regression,0.5,0.49552278468253563,,
utility,clipped,,,7,,personalized_logistic_regression,0.6284722222222223,0.5995798154103462,,
utility,clipped,,,8,,personalized_logistic_regression,0.6076388888888888,0.6124218263230503,,
utility,clipped,,,9,,personalized_logistic_regression,0.6423611111111112,0.6465183870237909,,
utility,analytic_gaussian,0.5,42,1,,personalized_logistic_regression,0.25,0.2496544102365345,,
utility,analytic_gaussian,0.5,42,2,,personalized_logistic_regression,0.2326388888888889,0.23011922612775754,,
utility,analytic_gaussian,0.5,42,3,,personalized_logistic_regression,0.2465277777777778,0.24240509284477219,,
utility,analytic_gaussian,0.5,42,4,,personalized_logistic_regression,0.24305555555555555,0.24298541682647645,,
utility,analytic_gaussian,0.5,42,5,,personalized_logistic_regression,0.2534722222222222,0.2532191389823484,,
utility,analytic_gaussian,0.5,42,6,,personalized_logistic_regression,0.25,0.24958680412832362,,
utility,analytic_gaussian,0.5,42,7,,personalized_logistic_regression,0.25,0.24969837962867644,,
utility,analytic_gaussian,0.5,42,8,,personalized_logistic_regression,0.2604166666666667,0.2533436077466261,,
utility,analytic_gaussian,0.5,42,9,,personalized_logistic_regression,0.2465277777777778,0.24589574877833267,,
utility,task_weighted_empirical,0.5,42,1,,personalized_logistic_regression,0.2881944444444444,0.2878012851988144,,
utility,task_weighted_empirical,0.5,42,2,,personalized_logistic_regression,0.2569444444444444,0.25404393712208545,,
utility,task_weighted_empirical,0.5,42,3,,personalized_logistic_regression,0.2604166666666667,0.2628135666635078,,
utility,task_weighted_empirical,0.5,42,4,,personalized_logistic_regression,0.2534722222222222,0.2527751035181587,,
utility,task_weighted_empirical,0.5,42,5,,personalized_logistic_regression,0.2673611111111111,0.266828529657477,,
utility,task_weighted_empirical,0.5,42,6,,personalized_logistic_regression,0.23958333333333334,0.23896687241684264,,
utility,task_weighted_empirical,0.5,42,7,,personalized_logistic_regression,0.31597222222222227,0.31445544262778025,,
utility,task_weighted_empirical,0.5,42,8,,personalized_logistic_regression,0.2534722222222222,0.2533112606108917,,
utility,task_weighted_empirical,0.5,42,9,,personalized_logistic_regression,0.2465277777777778,0.24193078746650176,,
utility,analytic_gaussian,0.5,123,1,,personalized_logistic_regression,0.23611111111111113,0.23571649014207804,,
utility,analytic_gaussian,0.5,123,2,,personalized_logistic_regression,0.2986111111111111,0.2981375886932517,,
utility,analytic_gaussian,0.5,123,3,,personalized_logistic_regression,0.1909722222222222,0.1914487848205833,,
utility,analytic_gaussian,0.5,123,4,,personalized_logistic_regression,0.2604166666666667,0.2603973270023224,,
utility,analytic_gaussian,0.5,123,5,,personalized_logistic_regression,0.3020833333333333,0.2992866535180707,,
utility,analytic_gaussian,0.5,123,6,,personalized_logistic_regression,0.22916666666666666,0.22691996423134503,,
utility,analytic_gaussian,0.5,123,7,,personalized_logistic_regression,0.28125,0.28074970938183963,,
utility,analytic_gaussian,0.5,123,8,,personalized_logistic_regression,0.24305555555555555,0.24267901357844368,,
utility,analytic_gaussian,0.5,123,9,,personalized_logistic_regression,0.2847222222222222,0.28329320702738425,,
utility,task_weighted_empirical,0.5,123,1,,personalized_logistic_regression,0.2361111111111111,0.23579114347115945,,
utility,task_weighted_empirical,0.5,123,2,,personalized_logistic_regression,0.22569444444444442,0.22473533660584016,,
utility,task_weighted_empirical,0.5,123,3,,personalized_logistic_regression,0.21875,0.21658978445382027,,
utility,task_weighted_empirical,0.5,123,4,,personalized_logistic_regression,0.24999999999999997,0.24867762724309211,,
utility,task_weighted_empirical,0.5,123,5,,personalized_logistic_regression,0.2743055555555556,0.2716503191600275,,
utility,task_weighted_empirical,0.5,123,6,,personalized_logistic_regression,0.19444444444444445,0.19390763686386092,,
utility,task_weighted_empirical,0.5,123,7,,personalized_logistic_regression,0.2604166666666667,0.25890860519620074,,
utility,task_weighted_empirical,0.5,123,8,,personalized_logistic_regression,0.22569444444444448,0.22590595018517518,,
utility,task_weighted_empirical,0.5,123,9,,personalized_logistic_regression,0.2743055555555555,0.27339285689595805,,
utility,analytic_gaussian,0.5,456,1,,personalized_logistic_regression,0.24305555555555555,0.2437204655809307,,
utility,analytic_gaussian,0.5,456,2,,personalized_logistic_regression,0.2847222222222222,0.28337708335897266,,
utility,analytic_gaussian,0.5,456,3,,personalized_logistic_regression,0.19791666666666666,0.19564578193610452,,
utility,analytic_gaussian,0.5,456,4,,personalized_logistic_regression,0.2534722222222222,0.2543835443835444,,
utility,analytic_gaussian,0.5,456,5,,personalized_logistic_regression,0.2222222222222222,0.22253063219690855,,
utility,analytic_gaussian,0.5,456,6,,personalized_logistic_regression,0.23958333333333334,0.23672418229188852,,
utility,analytic_gaussian,0.5,456,7,,personalized_logistic_regression,0.19444444444444445,0.19160646714826282,,
utility,analytic_gaussian,0.5,456,8,,personalized_logistic_regression,0.22222222222222224,0.22047989259565726,,
utility,analytic_gaussian,0.5,456,9,,personalized_logistic_regression,0.22569444444444442,0.226477687507359,,
utility,task_weighted_empirical,0.5,456,1,,personalized_logistic_regression,0.2569444444444444,0.2556113413778589,,
utility,task_weighted_empirical,0.5,456,2,,personalized_logistic_regression,0.2569444444444444,0.2554189278181795,,
utility,task_weighted_empirical,0.5,456,3,,personalized_logistic_regression,0.2986111111111111,0.29863773641275204,,
utility,task_weighted_empirical,0.5,456,4,,personalized_logistic_regression,0.22569444444444445,0.22307488422103772,,
utility,task_weighted_empirical,0.5,456,5,,personalized_logistic_regression,0.23611111111111113,0.2355317054858568,,
utility,task_weighted_empirical,0.5,456,6,,personalized_logistic_regression,0.23958333333333334,0.23830279189604495,,
utility,task_weighted_empirical,0.5,456,7,,personalized_logistic_regression,0.2465277777777778,0.24622956602162296,,
utility,task_weighted_empirical,0.5,456,8,,personalized_logistic_regression,0.2777777777777778,0.27778969695887773,,
utility,task_weighted_empirical,0.5,456,9,,personalized_logistic_regression,0.2673611111111111,0.2652231970292311,,
utility,analytic_gaussian,0.5,789,1,,personalized_logistic_regression,0.2881944444444444,0.2880991755188762,,
utility,analytic_gaussian,0.5,789,2,,personalized_logistic_regression,0.2847222222222222,0.28484692765268305,,
utility,analytic_gaussian,0.5,789,3,,personalized_logistic_regression,0.26041666666666663,0.2592385218365062,,
utility,analytic_gaussian,0.5,789,4,,personalized_logistic_regression,0.28125,0.27804492480747234,,
utility,analytic_gaussian,0.5,789,5,,personalized_logistic_regression,0.2326388888888889,0.23033851120572685,,
utility,analytic_gaussian,0.5,789,6,,personalized_logistic_regression,0.24305555555555555,0.23906167542529427,,
utility,analytic_gaussian,0.5,789,7,,personalized_logistic_regression,0.2881944444444444,0.2881522154777969,,
utility,analytic_gaussian,0.5,789,8,,personalized_logistic_regression,0.22916666666666666,0.22255853027539185,,
utility,analytic_gaussian,0.5,789,9,,personalized_logistic_regression,0.22916666666666666,0.22802735093007867,,
utility,task_weighted_empirical,0.5,789,1,,personalized_logistic_regression,0.24652777777777776,0.24681810304081628,,
utility,task_weighted_empirical,0.5,789,2,,personalized_logistic_regression,0.2569444444444445,0.2568593361365148,,
utility,task_weighted_empirical,0.5,789,3,,personalized_logistic_regression,0.22569444444444445,0.22559318988609883,,
utility,task_weighted_empirical,0.5,789,4,,personalized_logistic_regression,0.2152777777777778,0.21223680503769987,,
utility,task_weighted_empirical,0.5,789,5,,personalized_logistic_regression,0.21180555555555555,0.2130707601276915,,
utility,task_weighted_empirical,0.5,789,6,,personalized_logistic_regression,0.2604166666666667,0.25591326620738386,,
utility,task_weighted_empirical,0.5,789,7,,personalized_logistic_regression,0.25,0.249632904826352,,
utility,task_weighted_empirical,0.5,789,8,,personalized_logistic_regression,0.2465277777777778,0.2446575529436581,,
utility,task_weighted_empirical,0.5,789,9,,personalized_logistic_regression,0.3055555555555556,0.3019205860686222,,
utility,analytic_gaussian,0.5,101112,1,,personalized_logistic_regression,0.2569444444444444,0.2570238095238095,,
utility,analytic_gaussian,0.5,101112,2,,personalized_logistic_regression,0.2951388888888889,0.29536541160819113,,
utility,analytic_gaussian,0.5,101112,3,,personalized_logistic_regression,0.2013888888888889,0.20114564607548058,,
utility,analytic_gaussian,0.5,101112,4,,personalized_logistic_regression,0.2777777777777778,0.27688131435200847,,
utility,analytic_gaussian,0.5,101112,5,,personalized_logistic_regression,0.24305555555555552,0.24021003043741684,,
utility,analytic_gaussian,0.5,101112,6,,personalized_logistic_regression,0.2743055555555556,0.2737631991521491,,
utility,analytic_gaussian,0.5,101112,7,,personalized_logistic_regression,0.28125,0.28052403249971636,,
utility,analytic_gaussian,0.5,101112,8,,personalized_logistic_regression,0.21875,0.21796998738992981,,
utility,analytic_gaussian,0.5,101112,9,,personalized_logistic_regression,0.3194444444444444,0.3188081778801103,,
utility,task_weighted_empirical,0.5,101112,1,,personalized_logistic_regression,0.3194444444444444,0.318588741256704,,
utility,task_weighted_empirical,0.5,101112,2,,personalized_logistic_regression,0.22916666666666669,0.22924775009449094,,
utility,task_weighted_empirical,0.5,101112,3,,personalized_logistic_regression,0.2013888888888889,0.19912530159164846,,
utility,task_weighted_empirical,0.5,101112,4,,personalized_logistic_regression,0.2534722222222222,0.24770960562474229,,
utility,task_weighted_empirical,0.5,101112,5,,personalized_logistic_regression,0.2534722222222222,0.2518500151998784,,
utility,task_weighted_empirical,0.5,101112,6,,personalized_logistic_regression,0.24652777777777776,0.24692651606244362,,
utility,task_weighted_empirical,0.5,101112,7,,personalized_logistic_regression,0.2638888888888889,0.26362236247647985,,
utility,task_weighted_empirical,0.5,101112,8,,personalized_logistic_regression,0.24652777777777776,0.24653639250761553,,
utility,task_weighted_empirical,0.5,101112,9,,personalized_logistic_regression,0.26736111111111105,0.2660535834583004,,
utility,analytic_gaussian,1.0,42,1,,personalized_logistic_regression,0.2534722222222222,0.25304072014598333,,
utility,analytic_gaussian,1.0,42,2,,personalized_logistic_regression,0.2326388888888889,0.23011922612775754,,
utility,analytic_gaussian,1.0,42,3,,personalized_logistic_regression,0.24305555555555558,0.23895884597242062,,
utility,analytic_gaussian,1.0,42,4,,personalized_logistic_regression,0.24652777777777776,0.24687315933548398,,
utility,analytic_gaussian,1.0,42,5,,personalized_logistic_regression,0.2569444444444445,0.2565739055465083,,
utility,analytic_gaussian,1.0,42,6,,personalized_logistic_regression,0.2569444444444444,0.25664937234837293,,
utility,analytic_gaussian,1.0,42,7,,personalized_logistic_regression,0.24652777777777776,0.24678756827281106,,
utility,analytic_gaussian,1.0,42,8,,personalized_logistic_regression,0.2638888888888889,0.25627143141846775,,
utility,analytic_gaussian,1.0,42,9,,personalized_logistic_regression,0.2465277777777778,0.24606524427953003,,
utility,task_weighted_empirical,1.0,42,1,,personalized_logistic_regression,0.2881944444444444,0.2878012851988144,,
utility,task_weighted_empirical,1.0,42,2,,personalized_logistic_regression,0.2534722222222222,0.25022700099090783,,
utility,task_weighted_empirical,1.0,42,3,,personalized_logistic_regression,0.2604166666666667,0.262519669344545,,
utility,task_weighted_empirical,1.0,42,4,,personalized_logistic_regression,0.2569444444444445,0.25607987505577867,,
utility,task_weighted_empirical,1.0,42,5,,personalized_logistic_regression,0.2673611111111111,0.266828529657477,,
utility,task_weighted_empirical,1.0,42,6,,personalized_logistic_regression,0.23958333333333334,0.23896687241684264,,
utility,task_weighted_empirical,1.0,42,7,,personalized_logistic_regression,0.3125,0.31092920021510284,,
utility,task_weighted_empirical,1.0,42,8,,personalized_logistic_regression,0.25,0.24985747312408216,,
utility,task_weighted_empirical,1.0,42,9,,personalized_logistic_regression,0.2465277777777778,0.24193078746650176,,
utility,analytic_gaussian,1.0,123,1,,personalized_logistic_regression,0.22916666666666669,0.2284776205880933,,
utility,analytic_gaussian,1.0,123,2,,personalized_logistic_regression,0.2916666666666667,0.2910607003160609,,
utility,analytic_gaussian,1.0,123,3,,personalized_logistic_regression,0.1909722222222222,0.1916015162283819,,
utility,analytic_gaussian,1.0,123,4,,personalized_logistic_regression,0.2604166666666667,0.2604058968638334,,
utility,analytic_gaussian,1.0,123,5,,personalized_logistic_regression,0.3090277777777778,0.30662470868137925,,
utility,analytic_gaussian,1.0,123,6,,personalized_logistic_regression,0.22916666666666666,0.22691996423134503,,
utility,analytic_gaussian,1.0,123,7,,personalized_logistic_regression,0.28125,0.28073873085082,,
utility,analytic_gaussian,1.0,123,8,,personalized_logistic_regression,0.2465277777777778,0.24592921689138755,,
utility,analytic_gaussian,1.0,123,9,,personalized_logistic_regression,0.28125,0.27961544895373114,,
utility,task_weighted_empirical,1.0,123,1,,personalized_logistic_regression,0.2361111111111111,0.2358940448124509,,
utility,task_weighted_empirical,1.0,123,2,,personalized_logistic_regression,0.22569444444444442,0.22474565212770575,,
utility,task_weighted_empirical,1.0,123,3,,personalized_logistic_regression,0.21875,0.2167033007156419,,
utility,task_weighted_empirical,1.0,123,4,,personalized_logistic_regression,0.2534722222222222,0.2527048115283409,,
utility,task_weighted_empirical,1.0,123,5,,personalized_logistic_regression,0.2743055555555556,0.2716503191600275,,
utility,task_weighted_empirical,1.0,123,6,,personalized_logistic_regression,0.19791666666666669,0.19759272488227161,,
utility,task_weighted_empirical,1.0,123,7,,personalized_logistic_regression,0.2604166666666667,0.25890860519620074,,
utility,task_weighted_empirical,1.0,123,8,,personalized_logistic_regression,0.22569444444444448,0.22590595018517518,,
utility,task_weighted_empirical,1.0,123,9,,personalized_logistic_regression,0.2743055555555555,0.27337708883548867,,
utility,analytic_gaussian,1.0,456,1,,personalized_logistic_regression,0.24305555555555555,0.2437204655809307,,
utility,analytic_gaussian,1.0,456,2,,personalized_logistic_regression,0.2847222222222222,0.28337708335897266,,
utility,analytic_gaussian,1.0,456,3,,personalized_logistic_regression,0.2013888888888889,0.1987975532093179,,
utility,analytic_gaussian,1.0,456,4,,personalized_logistic_regression,0.2569444444444444,0.2577949641061235,,
utility,analytic_gaussian,1.0,456,5,,personalized_logistic_regression,0.2222222222222222,0.22253063219690855,,
utility,analytic_gaussian,1.0,456,6,,personalized_logistic_regression,0.23958333333333334,0.23672418229188852,,
utility,analytic_gaussian,1.0,456,7,,personalized_logistic_regression,0.19444444444444445,0.19170828104318016,,
utility,analytic_gaussian,1.0,456,8,,personalized_logistic_regression,0.22916666666666666,0.2270772245110974,,
utility,analytic_gaussian,1.0,456,9,,personalized_logistic_regression,0.22569444444444442,0.2264123438091632,,
utility,task_weighted_empirical,1.0,456,1,,personalized_logistic_regression,0.2534722222222222,0.2525338703396257,,
utility,task_weighted_empirical,1.0,456,2,,personalized_logistic_regression,0.2569444444444444,0.2554189278181795,,
utility,task_weighted_empirical,1.0,456,3,,personalized_logistic_regression,0.2986111111111111,0.29863773641275204,,
utility,task_weighted_empirical,1.0,456,4,,personalized_logistic_regression,0.22916666666666666,0.22660284895569677,,
utility,task_weighted_empirical,1.0,456,5,,personalized_logistic_regression,0.23611111111111113,0.2355317054858568,,
utility,task_weighted_empirical,1.0,456,6,,personalized_logistic_regression,0.23958333333333334,0.23830666443839738,,
utility,task_weighted_empirical,1.0,456,7,,personalized_logistic_regression,0.24305555555555555,0.2431334588559223,,
utility,task_weighted_empirical,1.0,456,8,,personalized_logistic_regression,0.2777777777777778,0.27778969695887773,,
utility,task_weighted_empirical,1.0,456,9,,personalized_logistic_regression,0.2673611111111111,0.2652231970292311,,
utility,analytic_gaussian,1.0,789,1,,personalized_logistic_regression,0.28125,0.2813055028690187,,
utility,analytic_gaussian,1.0,789,2,,personalized_logistic_regression,0.2847222222222222,0.284765323562257,,
utility,analytic_gaussian,1.0,789,3,,personalized_logistic_regression,0.26041666666666663,0.2592385218365062,,
utility,analytic_gaussian,1.0,789,4,,personalized_logistic_regression,0.28125,0.2780093903986787,,
utility,analytic_gaussian,1.0,789,5,,personalized_logistic_regression,0.2326388888888889,0.23033851120572685,,
utility,analytic_gaussian,1.0,789,6,,personalized_logistic_regression,0.23958333333333331,0.23605708245243126,,
utility,analytic_gaussian,1.0,789,7,,personalized_logistic_regression,0.2951388888888889,0.2951970217891966,,
utility,analytic_gaussian,1.0,789,8,,personalized_logistic_regression,0.23263888888888887,0.22638066234179877,,
utility,analytic_gaussian,1.0,789,9,,personalized_logistic_regression,0.22916666666666666,0.22802735093007867,,
utility,task_weighted_empirical,1.0,789,1,,personalized_logistic_regression,0.24652777777777776,0.2467745211621548,,
utility,task_weighted_empirical,1.0,789,2,,personalized_logistic_regression,0.2569444444444445,0.2568593361365148,,
utility,task_weighted_empirical,1.0,789,3,,personalized_logistic_regression,0.2361111111111111,0.2361109699516549,,
utility,task_weighted_empirical,1.0,789,4,,personalized_logistic_regression,0.2152777777777778,0.21223680503769987,,
utility,task_weighted_empirical,1.0,789,5,,personalized_logistic_regression,0.20833333333333331,0.20977312727398814,,
utility,task_weighted_empirical,1.0,789,6,,personalized_logistic_regression,0.2604166666666667,0.25591326620738386,,
utility,task_weighted_empirical,1.0,789,7,,personalized_logistic_regression,0.2534722222222222,0.2531994859948305,,
utility,task_weighted_empirical,1.0,789,8,,personalized_logistic_regression,0.25,0.24799594864995983,,
utility,task_weighted_empirical,1.0,789,9,,personalized_logistic_regression,0.3055555555555556,0.300749806501548,,
utility,analytic_gaussian,1.0,101112,1,,personalized_logistic_regression,0.2534722222222222,0.25371516283974027,,
utility,analytic_gaussian,1.0,101112,2,,personalized_logistic_regression,0.2951388888888889,0.29536541160819113,,
utility,analytic_gaussian,1.0,101112,3,,personalized_logistic_regression,0.2013888888888889,0.2012217905079478,,
utility,analytic_gaussian,1.0,101112,4,,personalized_logistic_regression,0.28125,0.2806590540424716,,
utility,analytic_gaussian,1.0,101112,5,,personalized_logistic_regression,0.24305555555555552,0.24021003043741684,,
utility,analytic_gaussian,1.0,101112,6,,personalized_logistic_regression,0.2743055555555556,0.2738506030319816,,
utility,analytic_gaussian,1.0,101112,7,,personalized_logistic_regression,0.2847222222222222,0.28385951696114686,,
utility,analytic_gaussian,1.0,101112,8,,personalized_logistic_regression,0.2222222222222222,0.2215602326077678,,
utility,analytic_gaussian,1.0,101112,9,,personalized_logistic_regression,0.3194444444444444,0.3188081778801103,,
utility,task_weighted_empirical,1.0,101112,1,,personalized_logistic_regression,0.32291666666666663,0.32224431556660227,,
utility,task_weighted_empirical,1.0,101112,2,,personalized_logistic_regression,0.22222222222222224,0.22253398414947778,,
utility,task_weighted_empirical,1.0,101112,3,,personalized_logistic_regression,0.2013888888888889,0.19912530159164846,,
utility,task_weighted_empirical,1.0,101112,4,,personalized_logistic_regression,0.25,0.24489557624978478,,
utility,task_weighted_empirical,1.0,101112,5,,personalized_logistic_regression,0.25,0.24824930273797247,,
utility,task_weighted_empirical,1.0,101112,6,,personalized_logistic_regression,0.24305555555555555,0.243338647986239,,
utility,task_weighted_empirical,1.0,101112,7,,personalized_logistic_regression,0.2638888888888889,0.263610307072741,,
utility,task_weighted_empirical,1.0,101112,8,,personalized_logistic_regression,0.25,0.2499116177234827,,
utility,task_weighted_empirical,1.0,101112,9,,personalized_logistic_regression,0.26736111111111105,0.2659909102390406,,
utility,analytic_gaussian,2.0,42,1,,personalized_logistic_regression,0.2534722222222222,0.25300563846224355,,
utility,analytic_gaussian,2.0,42,2,,personalized_logistic_regression,0.2361111111111111,0.23399033473217593,,
utility,analytic_gaussian,2.0,42,3,,personalized_logistic_regression,0.24305555555555558,0.2403922475860042,,
utility,analytic_gaussian,2.0,42,4,,personalized_logistic_regression,0.2534722222222222,0.25404537029723845,,
utility,analytic_gaussian,2.0,42,5,,personalized_logistic_regression,0.2569444444444445,0.2563820520937853,,
utility,analytic_gaussian,2.0,42,6,,personalized_logistic_regression,0.2569444444444444,0.25678772523493226,,
utility,analytic_gaussian,2.0,42,7,,personalized_logistic_regression,0.24652777777777776,0.24678756827281106,,
utility,analytic_gaussian,2.0,42,8,,personalized_logistic_regression,0.2638888888888889,0.2558638970031375,,
utility,analytic_gaussian,2.0,42,9,,personalized_logistic_regression,0.24305555555555558,0.24267056811721777,,
utility,task_weighted_empirical,2.0,42,1,,personalized_logistic_regression,0.2777777777777778,0.2774222601197539,,
utility,task_weighted_empirical,2.0,42,2,,personalized_logistic_regression,0.2534722222222222,0.25022700099090783,,
utility,task_weighted_empirical,2.0,42,3,,personalized_logistic_regression,0.2638888888888889,0.2657652759991995,,
utility,task_weighted_empirical,2.0,42,4,,personalized_logistic_regression,0.2534722222222222,0.2523926237161531,,
utility,task_weighted_empirical,2.0,42,5,,personalized_logistic_regression,0.2673611111111111,0.2672123816511197,,
utility,task_weighted_empirical,2.0,42,6,,personalized_logistic_regression,0.23958333333333334,0.23896687241684264,,
utility,task_weighted_empirical,2.0,42,7,,personalized_logistic_regression,0.3090277777777778,0.3076108923951265,,
utility,task_weighted_empirical,2.0,42,8,,personalized_logistic_regression,0.25,0.24977274849190584,,
utility,task_weighted_empirical,2.0,42,9,,personalized_logistic_regression,0.2534722222222222,0.24948757051029777,,
utility,analytic_gaussian,2.0,123,1,,personalized_logistic_regression,0.22916666666666669,0.22846299593662966,,
utility,analytic_gaussian,2.0,123,2,,personalized_logistic_regression,0.2951388888888889,0.2945872052665756,,
utility,analytic_gaussian,2.0,123,3,,personalized_logistic_regression,0.1909722222222222,0.1916015162283819,,
utility,analytic_gaussian,2.0,123,4,,personalized_logistic_regression,0.2604166666666667,0.2604058968638334,,
utility,analytic_gaussian,2.0,123,5,,personalized_logistic_regression,0.3125,0.30976936276942957,,
utility,analytic_gaussian,2.0,123,6,,personalized_logistic_regression,0.2326388888888889,0.2301351800041304,,
utility,analytic_gaussian,2.0,123,7,,personalized_logistic_regression,0.2777777777777778,0.27738388880732145,,
utility,analytic_gaussian,2.0,123,8,,personalized_logistic_regression,0.2465277777777778,0.2458841417835719,,
utility,analytic_gaussian,2.0,123,9,,personalized_logistic_regression,0.2743055555555556,0.27237203195190324,,
utility,task_weighted_empirical,2.0,123,1,,personalized_logistic_regression,0.2361111111111111,0.23599439775910364,,
utility,task_weighted_empirical,2.0,123,2,,personalized_logistic_regression,0.22569444444444448,0.22485034517715832,,
utility,task_weighted_empirical,2.0,123,3,,personalized_logistic_regression,0.21875,0.21678557929643588,,
utility,task_weighted_empirical,2.0,123,4,,personalized_logistic_regression,0.2534722222222222,0.2527048115283409,,
utility,task_weighted_empirical,2.0,123,5,,personalized_logistic_regression,0.28125,0.2779513625765425,,
utility,task_weighted_empirical,2.0,123,6,,personalized_logistic_regression,0.1875,0.18702410727958171,,
utility,task_weighted_empirical,2.0,123,7,,personalized_logistic_regression,0.2604166666666667,0.25905952875130955,,
utility,task_weighted_empirical,2.0,123,8,,personalized_logistic_regression,0.22916666666666669,0.22936008342887537,,
utility,task_weighted_empirical,2.0,123,9,,personalized_logistic_regression,0.2708333333333333,0.2697376443242007,,
utility,analytic_gaussian,2.0,456,1,,personalized_logistic_regression,0.24305555555555555,0.2437204655809307,,
utility,analytic_gaussian,2.0,456,2,,personalized_logistic_regression,0.2847222222222222,0.28290963377170275,,
utility,analytic_gaussian,2.0,456,3,,personalized_logistic_regression,0.2013888888888889,0.1987975532093179,,
utility,analytic_gaussian,2.0,456,4,,personalized_logistic_regression,0.2569444444444444,0.25814835820791016,,
utility,analytic_gaussian,2.0,456,5,,personalized_logistic_regression,0.21875,0.2189323787584997,,
utility,analytic_gaussian,2.0,456,6,,personalized_logistic_regression,0.23958333333333334,0.2366535752979415,,
utility,analytic_gaussian,2.0,456,7,,personalized_logistic_regression,0.19097222222222224,0.18862355854186474,,
utility,analytic_gaussian,2.0,456,8,,personalized_logistic_regression,0.22916666666666666,0.2270917481296163,,
utility,analytic_gaussian,2.0,456,9,,personalized_logistic_regression,0.2222222222222222,0.22281880073317625,,
utility,task_weighted_empirical,2.0,456,1,,personalized_logistic_regression,0.2465277777777778,0.24632352941176472,,
utility,task_weighted_empirical,2.0,456,2,,personalized_logistic_regression,0.2569444444444444,0.2554189278181795,,
utility,task_weighted_empirical,2.0,456,3,,personalized_logistic_regression,0.2951388888888889,0.295368492224476,,
utility,task_weighted_empirical,2.0,456,4,,personalized_logistic_regression,0.23263888888888887,0.23014422874541818,,
utility,task_weighted_empirical,2.0,456,5,,personalized_logistic_regression,0.2326388888888889,0.2323671485238315,,
utility,task_weighted_empirical,2.0,456,6,,personalized_logistic_regression,0.24305555555555555,0.24133352337941952,,
utility,task_weighted_empirical,2.0,456,7,,personalized_logistic_regression,0.24305555555555555,0.2431404772874443,,
utility,task_weighted_empirical,2.0,456,8,,personalized_logistic_regression,0.2743055555555556,0.2741807769959162,,
utility,task_weighted_empirical,2.0,456,9,,personalized_logistic_regression,0.2673611111111111,0.26524772530207313,,
utility,analytic_gaussian,2.0,789,1,,personalized_logistic_regression,0.2847222222222222,0.2847544716574859,,
utility,analytic_gaussian,2.0,789,2,,personalized_logistic_regression,0.28125,0.2813102420081825,,
utility,analytic_gaussian,2.0,789,3,,personalized_logistic_regression,0.26041666666666663,0.2593430921348989,,
utility,analytic_gaussian,2.0,789,4,,personalized_logistic_regression,0.28125,0.2780093903986787,,
utility,analytic_gaussian,2.0,789,5,,personalized_logistic_regression,0.2326388888888889,0.22992320401702065,,
utility,analytic_gaussian,2.0,789,6,,personalized_logistic_regression,0.2326388888888889,0.2297255344367457,,
utility,analytic_gaussian,2.0,789,7,,personalized_logistic_regression,0.2916666666666667,0.29139138394503844,,
utility,analytic_gaussian,2.0,789,8,,personalized_logistic_regression,0.23263888888888887,0.22654032014497133,,
utility,analytic_gaussian,2.0,789,9,,personalized_logistic_regression,0.2326388888888889,0.23123377065637374,,
utility,task_weighted_empirical,2.0,789,1,,personalized_logistic_regression,0.24305555555555555,0.24332283763516863,,
utility,task_weighted_empirical,2.0,789,2,,personalized_logistic_regression,0.2534722222222222,0.25307569836445215,,
utility,task_weighted_empirical,2.0,789,3,,personalized_logistic_regression,0.2361111111111111,0.2361109699516549,,
utility,task_weighted_empirical,2.0,789,4,,personalized_logistic_regression,0.2152777777777778,0.2124152243850157,,
utility,task_weighted_empirical,2.0,789,5,,personalized_logistic_regression,0.2048611111111111,0.20644069545053037,,
utility,task_weighted_empirical,2.0,789,6,,personalized_logistic_regression,0.2638888888888889,0.25929164458576226,,
utility,task_weighted_empirical,2.0,789,7,,personalized_logistic_regression,0.26041666666666663,0.260163316301376,,
utility,task_weighted_empirical,2.0,789,8,,personalized_logistic_regression,0.25,0.24777044056333034,,
utility,task_weighted_empirical,2.0,789,9,,personalized_logistic_regression,0.3055555555555556,0.29979456030420615,,
utility,analytic_gaussian,2.0,101112,1,,personalized_logistic_regression,0.2569444444444444,0.2570932389023801,,
utility,analytic_gaussian,2.0,101112,2,,personalized_logistic_regression,0.2986111111111111,0.29924036645631047,,
utility,analytic_gaussian,2.0,101112,3,,personalized_logistic_regression,0.2048611111111111,0.2046192066250775,,
utility,analytic_gaussian,2.0,101112,4,,personalized_logistic_regression,0.2777777777777778,0.277208282550676,,
utility,analytic_gaussian,2.0,101112,5,,personalized_logistic_regression,0.24305555555555552,0.24021003043741684,,
utility,analytic_gaussian,2.0,101112,6,,personalized_logistic_regression,0.2777777777777778,0.27696490369602367,,
utility,analytic_gaussian,2.0,101112,7,,personalized_logistic_regression,0.28125,0.2801628536569773,,
utility,analytic_gaussian,2.0,101112,8,,personalized_logistic_regression,0.21875,0.21823269133596807,,
utility,analytic_gaussian,2.0,101112,9,,personalized_logistic_regression,0.3159722222222222,0.31541805588060057,,
utility,task_weighted_empirical,2.0,101112,1,,personalized_logistic_regression,0.32638888888888884,0.32494248456499497,,
utility,task_weighted_empirical,2.0,101112,2,,personalized_logistic_regression,0.21875,0.21892899144107847,,
utility,task_weighted_empirical,2.0,101112,3,,personalized_logistic_regression,0.19791666666666666,0.1957429239633669,,
utility,task_weighted_empirical,2.0,101112,4,,personalized_logistic_regression,0.2534722222222222,0.24781886148857343,,
utility,task_weighted_empirical,2.0,101112,5,,personalized_logistic_regression,0.24652777777777776,0.2443547348685414,,
utility,task_weighted_empirical,2.0,101112,6,,personalized_logistic_regression,0.23958333333333331,0.23992594525821292,,
utility,task_weighted_empirical,2.0,101112,7,,personalized_logistic_regression,0.27083333333333337,0.27051845496097926,,
utility,task_weighted_empirical,2.0,101112,8,,personalized_logistic_regression,0.23958333333333331,0.23944413720769647,,
utility,task_weighted_empirical,2.0,101112,9,,personalized_logistic_regression,0.26736111111111105,0.26599455300669556,,
utility,analytic_gaussian,4.0,42,1,,personalized_logistic_regression,0.26041666666666663,0.25970335117485277,,
utility,analytic_gaussian,4.0,42,2,,personalized_logistic_regression,0.22916666666666666,0.2268856595557434,,
utility,analytic_gaussian,4.0,42,3,,personalized_logistic_regression,0.25,0.24822113864464357,,
utility,analytic_gaussian,4.0,42,4,,personalized_logistic_regression,0.2361111111111111,0.23660707531317804,,
utility,analytic_gaussian,4.0,42,5,,personalized_logistic_regression,0.2604166666666667,0.2595869980488901,,
utility,analytic_gaussian,4.0,42,6,,personalized_logistic_regression,0.2569444444444444,0.25644126422222036,,
utility,analytic_gaussian,4.0,42,7,,personalized_logistic_regression,0.23958333333333331,0.24000505558604152,,
utility,analytic_gaussian,4.0,42,8,,personalized_logistic_regression,0.2638888888888889,0.2555645367074456,,
utility,analytic_gaussian,4.0,42,9,,personalized_logistic_regression,0.24652777777777782,0.24656152254910146,,
utility,task_weighted_empirical,4.0,42,1,,personalized_logistic_regression,0.2777777777777778,0.27734607615920687,,
utility,task_weighted_empirical,4.0,42,2,,personalized_logistic_regression,0.2534722222222222,0.24994619661871637,,
utility,task_weighted_empirical,4.0,42,3,,personalized_logistic_regression,0.2673611111111111,0.26854183176755597,,
utility,task_weighted_empirical,4.0,42,4,,personalized_logistic_regression,0.2604166666666667,0.2590971785304188,,
utility,task_weighted_empirical,4.0,42,5,,personalized_logistic_regression,0.2673611111111111,0.2672163388170582,,
utility,task_weighted_empirical,4.0,42,6,,personalized_logistic_regression,0.23958333333333334,0.23896123009491432,,
utility,task_weighted_empirical,4.0,42,7,,personalized_logistic_regression,0.3090277777777778,0.30753011843843764,,
utility,task_weighted_empirical,4.0,42,8,,personalized_logistic_regression,0.25,0.2492408557625949,,
utility,task_weighted_empirical,4.0,42,9,,personalized_logistic_regression,0.2569444444444444,0.2525462962962963,,
utility,analytic_gaussian,4.0,123,1,,personalized_logistic_regression,0.22569444444444445,0.22471345372681448,,
utility,analytic_gaussian,4.0,123,2,,personalized_logistic_regression,0.2951388888888889,0.29455977940276246,,
utility,analytic_gaussian,4.0,123,3,,personalized_logistic_regression,0.2013888888888889,0.20238525234655266,,
utility,analytic_gaussian,4.0,123,4,,personalized_logistic_regression,0.26736111111111116,0.26758074659153797,,
utility,analytic_gaussian,4.0,123,5,,personalized_logistic_regression,0.3090277777777778,0.30648932004380003,,
utility,analytic_gaussian,4.0,123,6,,personalized_logistic_regression,0.2361111111111111,0.23331324421528693,,
utility,analytic_gaussian,4.0,123,7,,personalized_logistic_regression,0.2777777777777778,0.27726903157192573,,
utility,analytic_gaussian,4.0,123,8,,personalized_logistic_regression,0.2569444444444444,0.2566180945843993,,
utility,analytic_gaussian,4.0,123,9,,personalized_logistic_regression,0.2673611111111111,0.2651392004618219,,
utility,task_weighted_empirical,4.0,123,1,,personalized_logistic_regression,0.23958333333333331,0.23964333928082548,,
utility,task_weighted_empirical,4.0,123,2,,personalized_logistic_regression,0.21875,0.218161013856686,,
utility,task_weighted_empirical,4.0,123,3,,personalized_logistic_regression,0.2222222222222222,0.2217354767506371,,
utility,task_weighted_empirical,4.0,123,4,,personalized_logistic_regression,0.2534722222222222,0.25228254413463125,,
utility,task_weighted_empirical,4.0,123,5,,personalized_logistic_regression,0.2881944444444444,0.2841983188057865,,
utility,task_weighted_empirical,4.0,123,6,,personalized_logistic_regression,0.1875,0.18708029930548417,,
utility,task_weighted_empirical,4.0,123,7,,personalized_logistic_regression,0.25,0.24837477020696197,,
utility,task_weighted_empirical,4.0,123,8,,personalized_logistic_regression,0.21874999999999997,0.21874911207805123,,
utility,task_weighted_empirical,4.0,123,9,,personalized_logistic_regression,0.26736111111111105,0.26608870181506816,,
utility,analytic_gaussian,4.0,456,1,,personalized_logistic_regression,0.2465277777777778,0.24685606060606063,,
utility,analytic_gaussian,4.0,456,2,,personalized_logistic_regression,0.2847222222222222,0.28262842326801524,,
utility,analytic_gaussian,4.0,456,3,,personalized_logistic_regression,0.2048611111111111,0.20159019511773354,,
utility,analytic_gaussian,4.0,456,4,,personalized_logistic_regression,0.2569444444444444,0.25792407792407795,,
utility,analytic_gaussian,4.0,456,5,,personalized_logistic_regression,0.21875,0.21891021123757698,,
utility,analytic_gaussian,4.0,456,6,,personalized_logistic_regression,0.24305555555555555,0.24022059653479316,,
utility,analytic_gaussian,4.0,456,7,,personalized_logistic_regression,0.1909722222222222,0.18908620806967408,,
utility,analytic_gaussian,4.0,456,8,,personalized_logistic_regression,0.23263888888888887,0.2303195600663955,,
utility,analytic_gaussian,4.0,456,9,,personalized_logistic_regression,0.2326388888888889,0.23324195733686232,,
utility,task_weighted_empirical,4.0,456,1,,personalized_logistic_regression,0.25,0.2498065998600265,,
utility,task_weighted_empirical,4.0,456,2,,personalized_logistic_regression,0.2569444444444444,0.2552579981139189,,
utility,task_weighted_empirical,4.0,456,3,,personalized_logistic_regression,0.2916666666666667,0.29199564407061873,,
utility,task_weighted_empirical,4.0,456,4,,personalized_logistic_regression,0.23263888888888887,0.22979598600762158,,
utility,task_weighted_empirical,4.0,456,5,,personalized_logistic_regression,0.2326388888888889,0.23209115952221393,,
utility,task_weighted_empirical,4.0,456,6,,personalized_logistic_regression,0.23958333333333331,0.23775968355750182,,
utility,task_weighted_empirical,4.0,456,7,,personalized_logistic_regression,0.24305555555555555,0.24320160246591016,,
utility,task_weighted_empirical,4.0,456,8,,personalized_logistic_regression,0.26388888888888895,0.26341313702339975,,
utility,task_weighted_empirical,4.0,456,9,,personalized_logistic_regression,0.2708333333333333,0.2687219730562403,,
utility,analytic_gaussian,4.0,789,1,,personalized_logistic_regression,0.2847222222222222,0.2849405627190747,,
utility,analytic_gaussian,4.0,789,2,,personalized_logistic_regression,0.28125,0.2813102420081825,,
utility,analytic_gaussian,4.0,789,3,,personalized_logistic_regression,0.2673611111111111,0.2664021164021164,,
utility,analytic_gaussian,4.0,789,4,,personalized_logistic_regression,0.28124999999999994,0.2775282533498601,,
utility,analytic_gaussian,4.0,789,5,,personalized_logistic_regression,0.2326388888888889,0.22967342149492442,,
utility,analytic_gaussian,4.0,789,6,,personalized_logistic_regression,0.2326388888888889,0.22950243269035214,,
utility,analytic_gaussian,4.0,789,7,,personalized_logistic_regression,0.2881944444444444,0.2875050577112085,,
utility,analytic_gaussian,4.0,789,8,,personalized_logistic_regression,0.22916666666666666,0.22245424220482615,,
utility,analytic_gaussian,4.0,789,9,,personalized_logistic_regression,0.2326388888888889,0.23088000356150498,,
utility,task_weighted_empirical,4.0,789,1,,personalized_logistic_regression,0.24305555555555552,0.2435576774222472,,
utility,task_weighted_empirical,4.0,789,2,,personalized_logistic_regression,0.2604166666666667,0.25948807891858844,,
utility,task_weighted_empirical,4.0,789,3,,personalized_logistic_regression,0.23958333333333331,0.23962162747025267,,
utility,task_weighted_empirical,4.0,789,4,,personalized_logistic_regression,0.2152777777777778,0.21237212513945766,,
utility,task_weighted_empirical,4.0,789,5,,personalized_logistic_regression,0.20833333333333334,0.2094921433425083,,
utility,task_weighted_empirical,4.0,789,6,,personalized_logistic_regression,0.27083333333333337,0.2671013173777741,,
utility,task_weighted_empirical,4.0,789,7,,personalized_logistic_regression,0.2708333333333333,0.2703960676812553,,
utility,task_weighted_empirical,4.0,789,8,,personalized_logistic_regression,0.25,0.24783778871100276,,
utility,task_weighted_empirical,4.0,789,9,,personalized_logistic_regression,0.3125,0.30736004750077184,,
utility,analytic_gaussian,4.0,101112,1,,personalized_logistic_regression,0.2604166666666667,0.2605802891531277,,
utility,analytic_gaussian,4.0,101112,2,,personalized_logistic_regression,0.2951388888888889,0.2957112964694257,,
utility,analytic_gaussian,4.0,101112,3,,personalized_logistic_regression,0.2048611111111111,0.2046191998343262,,
utility,analytic_gaussian,4.0,101112,4,,personalized_logistic_regression,0.2743055555555556,0.273810966677888,,
utility,analytic_gaussian,4.0,101112,5,,personalized_logistic_regression,0.24305555555555555,0.23971483639818436,,
utility,analytic_gaussian,4.0,101112,6,,personalized_logistic_regression,0.2743055555555556,0.2735309139766908,,
utility,analytic_gaussian,4.0,101112,7,,personalized_logistic_regression,0.2881944444444444,0.2868097143460038,,
utility,analytic_gaussian,4.0,101112,8,,personalized_logistic_regression,0.2222222222222222,0.22186826688959718,,
utility,analytic_gaussian,4.0,101112,9,,personalized_logistic_regression,0.3125,0.31143937968337604,,
utility,task_weighted_empirical,4.0,101112,1,,personalized_logistic_regression,0.32638888888888884,0.32533434307627856,,
utility,task_weighted_empirical,4.0,101112,2,,personalized_logistic_regression,0.22222222222222224,0.22235364897532503,,
utility,task_weighted_empirical,4.0,101112,3,,personalized_logistic_regression,0.19791666666666666,0.1956888207410624,,
utility,task_weighted_empirical,4.0,101112,4,,personalized_logistic_regression,0.2534722222222222,0.2481457385437485,,
utility,task_weighted_empirical,4.0,101112,5,,personalized_logistic_regression,0.24652777777777776,0.24426583460571752,,
utility,task_weighted_empirical,4.0,101112,6,,personalized_logistic_regression,0.24305555555555555,0.24317778020115932,,
utility,task_weighted_empirical,4.0,101112,7,,personalized_logistic_regression,0.2743055555555556,0.2738218094255246,,
utility,task_weighted_empirical,4.0,101112,8,,personalized_logistic_regression,0.2326388888888889,0.2320760486138871,,
utility,task_weighted_empirical,4.0,101112,9,,personalized_logistic_regression,0.26736111111111105,0.26605117334931,,
utility,analytic_gaussian,8.0,42,1,,personalized_logistic_regression,0.26736111111111116,0.26644088109547337,,
utility,analytic_gaussian,8.0,42,2,,personalized_logistic_regression,0.21875,0.21659217017359716,,
utility,analytic_gaussian,8.0,42,3,,personalized_logistic_regression,0.2465277777777778,0.24536470385106,,
utility,analytic_gaussian,8.0,42,4,,personalized_logistic_regression,0.23958333333333331,0.24013173474192137,,
utility,analytic_gaussian,8.0,42,5,,personalized_logistic_regression,0.2638888888888889,0.2625736299875293,,
utility,analytic_gaussian,8.0,42,6,,personalized_logistic_regression,0.2465277777777778,0.2459152020929798,,
utility,analytic_gaussian,8.0,42,7,,personalized_logistic_regression,0.22916666666666669,0.2292282532951655,,
utility,analytic_gaussian,8.0,42,8,,personalized_logistic_regression,0.2569444444444445,0.2502195298112825,,
utility,analytic_gaussian,8.0,42,9,,personalized_logistic_regression,0.25,0.24981784515792987,,
utility,task_weighted_empirical,8.0,42,1,,personalized_logistic_regression,0.2847222222222222,0.28419905334473683,,
utility,task_weighted_empirical,8.0,42,2,,personalized_logistic_regression,0.2465277777777778,0.24303618872364124,,
utility,task_weighted_empirical,8.0,42,3,,personalized_logistic_regression,0.2847222222222222,0.2848985166253862,,
utility,task_weighted_empirical,8.0,42,4,,personalized_logistic_regression,0.25347222222222227,0.2526727731583685,,
utility,task_weighted_empirical,8.0,42,5,,personalized_logistic_regression,0.2534722222222222,0.2537309553218917,,
utility,task_weighted_empirical,8.0,42,6,,personalized_logistic_regression,0.23958333333333334,0.23883073883119804,,
utility,task_weighted_empirical,8.0,42,7,,personalized_logistic_regression,0.3159722222222222,0.314225102282755,,
utility,task_weighted_empirical,8.0,42,8,,personalized_logistic_regression,0.2569444444444444,0.25639096624091967,,
utility,task_weighted_empirical,8.0,42,9,,personalized_logistic_regression,0.26388888888888884,0.25919084512519275,,
utility,analytic_gaussian,8.0,123,1,,personalized_logistic_regression,0.23611111111111113,0.23528336514461898,,
utility,analytic_gaussian,8.0,123,2,,personalized_logistic_regression,0.2951388888888889,0.2946957139010119,,
utility,analytic_gaussian,8.0,123,3,,personalized_logistic_regression,0.21180555555555555,0.21112155388471177,,
utility,analytic_gaussian,8.0,123,4,,personalized_logistic_regression,0.2638888888888889,0.2640846179901849,,
utility,analytic_gaussian,8.0,123,5,,personalized_logistic_regression,0.3055555555555556,0.3036681811401727,,
utility,analytic_gaussian,8.0,123,6,,personalized_logistic_regression,0.23958333333333331,0.2371149150647678,,
utility,analytic_gaussian,8.0,123,7,,personalized_logistic_regression,0.2951388888888889,0.29442145898915956,,
utility,analytic_gaussian,8.0,123,8,,personalized_logistic_regression,0.2569444444444444,0.2562816956837866,,
utility,analytic_gaussian,8.0,123,9,,personalized_logistic_regression,0.2673611111111111,0.2650926811692327,,
utility,task_weighted_empirical,8.0,123,1,,personalized_logistic_regression,0.24305555555555552,0.24379136793297723,,
utility,task_weighted_empirical,8.0,123,2,,personalized_logistic_regression,0.21875,0.218079484499466,,
utility,task_weighted_empirical,8.0,123,3,,personalized_logistic_regression,0.2326388888888889,0.23182608183192777,,
utility,task_weighted_empirical,8.0,123,4,,personalized_logistic_regression,0.2534722222222222,0.25196090059103754,,
utility,task_weighted_empirical,8.0,123,5,,personalized_logistic_regression,0.2847222222222222,0.2814806877773296,,
utility,task_weighted_empirical,8.0,123,6,,personalized_logistic_regression,0.1875,0.18767096213139378,,
utility,task_weighted_empirical,8.0,123,7,,personalized_logistic_regression,0.25,0.24894884353645325,,
utility,task_weighted_empirical,8.0,123,8,,personalized_logistic_regression,0.22569444444444445,0.22565157543605818,,
utility,task_weighted_empirical,8.0,123,9,,personalized_logistic_regression,0.2638888888888889,0.263109849723122,,
utility,analytic_gaussian,8.0,456,1,,personalized_logistic_regression,0.24305555555555555,0.24371870518778405,,
utility,analytic_gaussian,8.0,456,2,,personalized_logistic_regression,0.2881944444444444,0.2856566368147452,,
utility,analytic_gaussian,8.0,456,3,,personalized_logistic_regression,0.21180555555555555,0.20911285189485612,,
utility,analytic_gaussian,8.0,456,4,,personalized_logistic_regression,0.2534722222222222,0.2544004551327,,
utility,analytic_gaussian,8.0,456,5,,personalized_logistic_regression,0.20833333333333331,0.2084659559343728,,
utility,analytic_gaussian,8.0,456,6,,personalized_logistic_regression,0.24652777777777776,0.2435949595727458,,
utility,analytic_gaussian,8.0,456,7,,personalized_logistic_regression,0.19444444444444445,0.19222779033856752,,
utility,analytic_gaussian,8.0,456,8,,personalized_logistic_regression,0.22916666666666669,0.2270774130908402,,
utility,analytic_gaussian,8.0,456,9,,personalized_logistic_regression,0.24652777777777776,0.24640999616374473,,
utility,task_weighted_empirical,8.0,456,1,,personalized_logistic_regression,0.2534722222222222,0.2522477616416049,,
utility,task_weighted_empirical,8.0,456,2,,personalized_logistic_regression,0.2465277777777778,0.2452937662520205,,
utility,task_weighted_empirical,8.0,456,3,,personalized_logistic_regression,0.29166666666666663,0.29180014327641013,,
utility,task_weighted_empirical,8.0,456,4,,personalized_logistic_regression,0.2326388888888889,0.22993051628171415,,
utility,task_weighted_empirical,8.0,456,5,,personalized_logistic_regression,0.2326388888888889,0.23224223485741918,,
utility,task_weighted_empirical,8.0,456,6,,personalized_logistic_regression,0.2361111111111111,0.23417706711227762,,
utility,task_weighted_empirical,8.0,456,7,,personalized_logistic_regression,0.2465277777777778,0.24601376725689128,,
utility,task_weighted_empirical,8.0,456,8,,personalized_logistic_regression,0.27083333333333337,0.2702894400854395,,
utility,task_weighted_empirical,8.0,456,9,,personalized_logistic_regression,0.28125,0.2788682222330944,,
utility,analytic_gaussian,8.0,789,1,,personalized_logistic_regression,0.2951388888888889,0.29520737245035267,,
utility,analytic_gaussian,8.0,789,2,,personalized_logistic_regression,0.2847222222222222,0.2850328263500086,,
utility,analytic_gaussian,8.0,789,3,,personalized_logistic_regression,0.2743055555555555,0.2731643567550531,,
utility,analytic_gaussian,8.0,789,4,,personalized_logistic_regression,0.2847222222222222,0.28141099737295044,,
utility,analytic_gaussian,8.0,789,5,,personalized_logistic_regression,0.22916666666666663,0.22696491123740914,,
utility,analytic_gaussian,8.0,789,6,,personalized_logistic_regression,0.24305555555555555,0.23979014718002706,,
utility,analytic_gaussian,8.0,789,7,,personalized_logistic_regression,0.28125,0.28005830515567853,,
utility,analytic_gaussian,8.0,789,8,,personalized_logistic_regression,0.2326388888888889,0.22571932377966863,,
utility,analytic_gaussian,8.0,789,9,,personalized_logistic_regression,0.25,0.24752566464859171,,
utility,task_weighted_empirical,8.0,789,1,,personalized_logistic_regression,0.2361111111111111,0.23631705377788143,,
utility,task_weighted_empirical,8.0,789,2,,personalized_logistic_regression,0.2569444444444445,0.256804365846919,,
utility,task_weighted_empirical,8.0,789,3,,personalized_logistic_regression,0.2361111111111111,0.2360149170493998,,
utility,task_weighted_empirical,8.0,789,4,,personalized_logistic_regression,0.21875,0.2151097515078463,,
utility,task_weighted_empirical,8.0,789,5,,personalized_logistic_regression,0.19444444444444445,0.19516131072519763,,
utility,task_weighted_empirical,8.0,789,6,,personalized_logistic_regression,0.2569444444444444,0.25368947072072073,,
utility,task_weighted_empirical,8.0,789,7,,personalized_logistic_regression,0.28125,0.2806219193785626,,
utility,task_weighted_empirical,8.0,789,8,,personalized_logistic_regression,0.2534722222222222,0.25084169326645384,,
utility,task_weighted_empirical,8.0,789,9,,personalized_logistic_regression,0.3090277777777778,0.3036661446986202,,
utility,analytic_gaussian,8.0,101112,1,,personalized_logistic_regression,0.2604166666666667,0.2602311978021617,,
utility,analytic_gaussian,8.0,101112,2,,personalized_logistic_regression,0.29166666666666663,0.29184459353171005,,
utility,analytic_gaussian,8.0,101112,3,,personalized_logistic_regression,0.21180555555555558,0.21146909233176842,,
utility,analytic_gaussian,8.0,101112,4,,personalized_logistic_regression,0.2777777777777778,0.2772272189214318,,
utility,analytic_gaussian,8.0,101112,5,,personalized_logistic_regression,0.24305555555555555,0.23973494789021202,,
utility,analytic_gaussian,8.0,101112,6,,personalized_logistic_regression,0.26736111111111116,0.2667935206755082,,
utility,analytic_gaussian,8.0,101112,7,,personalized_logistic_regression,0.28125,0.2792147008766578,,
utility,analytic_gaussian,8.0,101112,8,,personalized_logistic_regression,0.2222222222222222,0.22186826688959718,,
utility,analytic_gaussian,8.0,101112,9,,personalized_logistic_regression,0.3125,0.3115063608249851,,
utility,task_weighted_empirical,8.0,101112,1,,personalized_logistic_regression,0.34722222222222227,0.34675306545934725,,
utility,task_weighted_empirical,8.0,101112,2,,personalized_logistic_regression,0.2326388888888889,0.23236160406191464,,
utility,task_weighted_empirical,8.0,101112,3,,personalized_logistic_regression,0.20138888888888887,0.19966130643869562,,
utility,task_weighted_empirical,8.0,101112,4,,personalized_logistic_regression,0.2708333333333333,0.26520970580719483,,
utility,task_weighted_empirical,8.0,101112,5,,personalized_logistic_regression,0.23958333333333331,0.23728363140127845,,
utility,task_weighted_empirical,8.0,101112,6,,personalized_logistic_regression,0.22916666666666666,0.2292595912015229,,
utility,task_weighted_empirical,8.0,101112,7,,personalized_logistic_regression,0.2708333333333333,0.27046307896760496,,
utility,task_weighted_empirical,8.0,101112,8,,personalized_logistic_regression,0.2361111111111111,0.23483610112393363,,
utility,task_weighted_empirical,8.0,101112,9,,personalized_logistic_regression,0.2777777777777778,0.275010131791659,,
identity_attack,clean,,,,clean_auxiliary,logistic_regression,0.970679012345679,0.9694742211491375,0.8595679012345678,1.0
identity_attack,clean,,,,clean_auxiliary,rbf_svm,0.9560185185185185,0.9533070367629699,0.8449074074074074,1.0
identity_attack,clean,,,,clean_auxiliary,random_forest,0.9417438271604939,0.9379281527682249,0.8306327160493827,1.0
identity_attack,clean,,,,clean_auxiliary,mlp,0.9602623456790125,0.9578282227407359,0.8491512345679013,1.0
identity_attack,clean,,,,mechanism_aware,logistic_regression,0.970679012345679,0.9694742211491375,0.8595679012345678,1.0
identity_attack,clean,,,,mechanism_aware,rbf_svm,0.9560185185185185,0.9533070367629699,0.8449074074074074,1.0
identity_attack,clean,,,,mechanism_aware,random_forest,0.9417438271604939,0.9379281527682249,0.8306327160493827,1.0
identity_attack,clean,,,,mechanism_aware,mlp,0.9602623456790125,0.9578282227407359,0.8491512345679013,1.0
identity_attack,clipped,,,,clean_auxiliary,logistic_regression,0.970679012345679,0.9694742211491375,0.8595679012345678,1.0
identity_attack,clipped,,,,clean_auxiliary,rbf_svm,0.95679012345679,0.9541184770466958,0.845679012345679,1.0
identity_attack,clipped,,,,clean_auxiliary,random_forest,0.9417438271604939,0.938017945808837,0.8306327160493827,1.0
identity_attack,clipped,,,,clean_auxiliary,mlp,0.9602623456790125,0.9578282227407359,0.8491512345679013,1.0
identity_attack,clipped,,,,mechanism_aware,logistic_regression,0.9718364197530865,0.9707768100827496,0.8607253086419755,1.0
identity_attack,clipped,,,,mechanism_aware,rbf_svm,0.95679012345679,0.9541184770466958,0.845679012345679,1.0
identity_attack,clipped,,,,mechanism_aware,random_forest,0.9452160493827161,0.9417650086527242,0.834104938271605,1.0
identity_attack,clipped,,,,mechanism_aware,mlp,0.9610339506172839,0.9587416044313072,0.8499228395061729,1.0
identity_attack,analytic_gaussian,0.5,42,,clean_auxiliary,logistic_regression,0.11496913580246912,0.11453742261091077,0.003858024691358014,0.1111111111111111
identity_attack,analytic_gaussian,0.5,42,,clean_auxiliary,rbf_svm,0.1111111111111111,0.022222222222222223,0.0,0.1111111111111111
identity_attack,analytic_gaussian,0.5,42,,clean_auxiliary,random_forest,0.11149691358024692,0.09302473565063583,0.00038580246913581806,0.1111111111111111
identity_attack,analytic_gaussian,0.5,42,,clean_auxiliary,mlp,0.11496913580246912,0.1043508519873135,0.003858024691358014,0.1111111111111111
identity_attack,analytic_gaussian,0.5,42,,mechanism_aware,logistic_regression,0.11921296296296295,0.11880394032894108,0.008101851851851846,0.2222222222222222
identity_attack,analytic_gaussian,0.5,42,,mechanism_aware,rbf_svm,0.11419753086419752,0.11370044829615263,0.0030864197530864196,0.1111111111111111
identity_attack,analytic_gaussian,0.5,42,,mechanism_aware,random_forest,0.10146604938271604,0.10112038249827325,-0.009645061728395063,0.1111111111111111
identity_attack,analytic_gaussian,0.5,42,,mechanism_aware,mlp,0.11381172839506173,0.1129190711985433,0.0027006172839506293,0.2222222222222222
identity_attack,task_weighted_empirical,0.5,42,,clean_auxiliary,logistic_regression,0.12037037037037036,0.11984712524972202,0.009259259259259259,0.1111111111111111
identity_attack,task_weighted_empirical,0.5,42,,clean_auxiliary,rbf_svm,0.1111111111111111,0.022222222222222223,0.0,0.1111111111111111
identity_attack,task_weighted_empirical,0.5,42,,clean_auxiliary,random_forest,0.11535493827160494,0.09656315020568704,0.004243827160493832,0.1111111111111111
identity_attack,task_weighted_empirical,0.5,42,,clean_auxiliary,mlp,0.11419753086419752,0.0991042435411388,0.0030864197530864196,0.1111111111111111
identity_attack,task_weighted_empirical,0.5,42,,mechanism_aware,logistic_regression,0.10918209876543211,0.10904218072375167,-0.0019290123456789932,0.1111111111111111
identity_attack,task_weighted_empirical,0.5,42,,mechanism_aware,rbf_svm,0.10416666666666667,0.1039671600082224,-0.006944444444444434,0.0
identity_attack,task_weighted_empirical,0.5,42,,mechanism_aware,random_forest,0.1087962962962963,0.10859602322559792,-0.0023148148148148112,0.0
identity_attack,task_weighted_empirical,0.5,42,,mechanism_aware,mlp,0.11342592592592592,0.11093280657091936,0.0023148148148148112,0.1111111111111111
identity_attack,analytic_gaussian,0.5,123,,clean_auxiliary,logistic_regression,0.11882716049382716,0.11718221301719309,0.007716049382716056,0.2222222222222222
identity_attack,analytic_gaussian,0.5,123,,clean_auxiliary,rbf_svm,0.1111111111111111,0.022222222222222223,0.0,0.1111111111111111
identity_attack,analytic_gaussian,0.5,123,,clean_auxiliary,random_forest,0.11728395061728396,0.09948895898140332,0.006172839506172853,0.1111111111111111
identity_attack,analytic_gaussian,0.5,123,,clean_auxiliary,mlp,0.11535493827160494,0.09970542571996571,0.004243827160493832,0.1111111111111111
identity_attack,analytic_gaussian,0.5,123,,mechanism_aware,logistic_regression,0.10570987654320989,0.10562214908262359,-0.005401234567901217,0.0
identity_attack,analytic_gaussian,0.5,123,,mechanism_aware,rbf_svm,0.10416666666666667,0.10413982435188235,-0.006944444444444434,0.0
identity_attack,analytic_gaussian,0.5,123,,mechanism_aware,random_forest,0.1219135802469136,0.12129282410240053,0.01080246913580249,0.2222222222222222
identity_attack,analytic_gaussian,0.5,123,,mechanism_aware,mlp,0.10030864197530864,0.09939865881191805,-0.010802469135802462,0.1111111111111111
identity_attack,task_weighted_empirical,0.5,123,,clean_auxiliary,logistic_regression,0.11651234567901235,0.11669238744830472,0.005401234567901245,0.1111111111111111
identity_attack,task_weighted_empirical,0.5,123,,clean_auxiliary,rbf_svm,0.1111111111111111,0.022222222222222223,0.0,0.1111111111111111
identity_attack,task_weighted_empirical,0.5,123,,clean_auxiliary,random_forest,0.12692901234567902,0.10399078218508,0.015817901234567916,0.1111111111111111
identity_attack,task_weighted_empirical,0.5,123,,clean_auxiliary,mlp,0.12037037037037036,0.10427377312407268,0.009259259259259259,0.1111111111111111
identity_attack,task_weighted_empirical,0.5,123,,mechanism_aware,logistic_regression,0.11265432098765432,0.11270787978087972,0.0015432098765432167,0.2222222222222222
identity_attack,task_weighted_empirical,0.5,123,,mechanism_aware,rbf_svm,0.11033950617283951,0.109890903089804,-0.0007716049382715945,0.0
identity_attack,task_weighted_empirical,0.5,123,,mechanism_aware,random_forest,0.10648148148148147,0.10472559776777728,-0.004629629629629636,0.1111111111111111
identity_attack,task_weighted_empirical,0.5,123,,mechanism_aware,mlp,0.10532407407407407,0.10505542805846052,-0.005787037037037035,0.1111111111111111
identity_attack,analytic_gaussian,0.5,456,,clean_auxiliary,logistic_regression,0.10686728395061729,0.10674263406505319,-0.004243827160493818,0.0
identity_attack,analytic_gaussian,0.5,456,,clean_auxiliary,rbf_svm,0.1111111111111111,0.022222222222222223,0.0,0.1111111111111111
identity_attack,analytic_gaussian,0.5,456,,clean_auxiliary,random_forest,0.1091820987654321,0.08879536457031355,-0.001929012345679007,0.1111111111111111
identity_attack,analytic_gaussian,0.5,456,,clean_auxiliary,mlp,0.10069444444444445,0.08704729138825723,-0.010416666666666657,0.1111111111111111
identity_attack,analytic_gaussian,0.5,456,,mechanism_aware,logistic_regression,0.11496913580246915,0.11462216663602184,0.003858024691358042,0.1111111111111111
identity_attack,analytic_gaussian,0.5,456,,mechanism_aware,rbf_svm,0.11304012345679013,0.11295164410869307,0.001929012345679021,0.1111111111111111
identity_attack,analytic_gaussian,0.5,456,,mechanism_aware,random_forest,0.11535493827160494,0.11488832009916604,0.004243827160493832,0.1111111111111111
identity_attack,analytic_gaussian,0.5,456,,mechanism_aware,mlp,0.11882716049382716,0.11807517005401645,0.007716049382716056,0.2222222222222222
identity_attack,task_weighted_empirical,0.5,456,,clean_auxiliary,logistic_regression,0.10686728395061729,0.10638610486938543,-0.004243827160493818,0.0
identity_attack,task_weighted_empirical,0.5,456,,clean_auxiliary,rbf_svm,0.1111111111111111,0.022222222222222223,0.0,0.1111111111111111
identity_attack,task_weighted_empirical,0.5,456,,clean_auxiliary,random_forest,0.11381172839506173,0.09541113477725546,0.0027006172839506293,0.1111111111111111
identity_attack,task_weighted_empirical,0.5,456,,clean_auxiliary,mlp,0.10918209876543211,0.0935041313689999,-0.0019290123456789932,0.1111111111111111
identity_attack,task_weighted_empirical,0.5,456,,mechanism_aware,logistic_regression,0.11921296296296297,0.11889211535535475,0.00810185185185186,0.3333333333333333
identity_attack,task_weighted_empirical,0.5,456,,mechanism_aware,rbf_svm,0.11188271604938271,0.11179537669660375,0.0007716049382716084,0.1111111111111111
identity_attack,task_weighted_empirical,0.5,456,,mechanism_aware,random_forest,0.09452160493827161,0.09393345685777671,-0.016589506172839497,0.0
identity_attack,task_weighted_empirical,0.5,456,,mechanism_aware,mlp,0.11651234567901235,0.11577380380886135,0.005401234567901245,0.2222222222222222
identity_attack,analytic_gaussian,0.5,789,,clean_auxiliary,logistic_regression,0.11265432098765432,0.11158405254549957,0.0015432098765432167,0.2222222222222222
identity_attack,analytic_gaussian,0.5,789,,clean_auxiliary,rbf_svm,0.1111111111111111,0.022222222222222223,0.0,0.1111111111111111
identity_attack,analytic_gaussian,0.5,789,,clean_auxiliary,random_forest,0.12268518518518517,0.09818069182744993,0.01157407407407407,0.1111111111111111
identity_attack,analytic_gaussian,0.5,789,,clean_auxiliary,mlp,0.11265432098765432,0.09925168186204825,0.0015432098765432167,0.1111111111111111
identity_attack,analytic_gaussian,0.5,789,,mechanism_aware,logistic_regression,0.11535493827160494,0.11538908703699434,0.004243827160493832,0.3333333333333333
identity_attack,analytic_gaussian,0.5,789,,mechanism_aware,rbf_svm,0.11381172839506173,0.11348360646222834,0.0027006172839506293,0.2222222222222222
identity_attack,analytic_gaussian,0.5,789,,mechanism_aware,random_forest,0.10725308641975309,0.10676057968726546,-0.003858024691358014,0.0
identity_attack,analytic_gaussian,0.5,789,,mechanism_aware,mlp,0.10378086419753085,0.10348678994230627,-0.007330246913580252,0.0
identity_attack,task_weighted_empirical,0.5,789,,clean_auxiliary,logistic_regression,0.11226851851851853,0.11154399710095891,0.0011574074074074264,0.1111111111111111
identity_attack,task_weighted_empirical,0.5,789,,clean_auxiliary,rbf_svm,0.1111111111111111,0.022222222222222223,0.0,0.1111111111111111
identity_attack,task_weighted_empirical,0.5,789,,clean_auxiliary,random_forest,0.09760802469135801,0.0845432966048916,-0.013503086419753091,0.1111111111111111
identity_attack,task_weighted_empirical,0.5,789,,clean_auxiliary,mlp,0.10146604938271604,0.0860153884278279,-0.009645061728395063,0.1111111111111111
identity_attack,task_weighted_empirical,0.5,789,,mechanism_aware,logistic_regression,0.12037037037037036,0.12002261747944923,0.009259259259259259,0.1111111111111111
identity_attack,task_weighted_empirical,0.5,789,,mechanism_aware,rbf_svm,0.12538580246913578,0.1252370178646428,0.014274691358024671,0.2222222222222222
identity_attack,task_weighted_empirical,0.5,789,,mechanism_aware,random_forest,0.10493827160493827,0.10428801439328622,-0.006172839506172839,0.1111111111111111
identity_attack,task_weighted_empirical,0.5,789,,mechanism_aware,mlp,0.10300925925925926,0.10215122654162477,-0.008101851851851846,0.1111111111111111
identity_attack,analytic_gaussian,0.5,101112,,clean_auxiliary,logistic_regression,0.10995370370370369,0.10862893455653369,-0.0011574074074074125,0.2222222222222222
identity_attack,analytic_gaussian,0.5,101112,,clean_auxiliary,rbf_svm,0.1111111111111111,0.022222222222222223,0.0,0.1111111111111111
identity_attack,analytic_gaussian,0.5,101112,,clean_auxiliary,random_forest,0.11574074074074076,0.09361419297328195,0.00462962962962965,0.1111111111111111
identity_attack,analytic_gaussian,0.5,101112,,clean_auxiliary,mlp,0.11844135802469134,0.10494053534361186,0.007330246913580238,0.1111111111111111
identity_attack,analytic_gaussian,0.5,101112,,mechanism_aware,logistic_regression,0.10378086419753085,0.10354185173019467,-0.007330246913580252,0.1111111111111111
identity_attack,analytic_gaussian,0.5,101112,,mechanism_aware,rbf_svm,0.10879629629629631,0.10855343631950096,-0.0023148148148147973,0.1111111111111111
identity_attack,analytic_gaussian,0.5,101112,,mechanism_aware,random_forest,0.11304012345679013,0.11248277502537293,0.001929012345679021,0.2222222222222222
identity_attack,analytic_gaussian,0.5,101112,,mechanism_aware,mlp,0.11342592592592592,0.1116619481391571,0.0023148148148148112,0.3333333333333333
identity_attack,task_weighted_empirical,0.5,101112,,clean_auxiliary,logistic_regression,0.1130401234567901,0.11187004499321215,0.0019290123456789932,0.2222222222222222
identity_attack,task_weighted_empirical,0.5,101112,,clean_auxiliary,rbf_svm,0.1111111111111111,0.022222222222222223,0.0,0.1111111111111111
identity_attack,task_weighted_empirical,0.5,101112,,clean_auxiliary,random_forest,0.11651234567901235,0.1001364563553918,0.005401234567901245,0.1111111111111111
identity_attack,task_weighted_empirical,0.5,101112,,clean_auxiliary,mlp,0.11805555555555555,0.10342260019405111,0.0069444444444444475,0.1111111111111111
identity_attack,task_weighted_empirical,0.5,101112,,mechanism_aware,logistic_regression,0.10648148148148147,0.10627221640347212,-0.004629629629629636,0.1111111111111111
identity_attack,task_weighted_empirical,0.5,101112,,mechanism_aware,rbf_svm,0.11651234567901235,0.11651848273621154,0.005401234567901245,0.1111111111111111
identity_attack,task_weighted_empirical,0.5,101112,,mechanism_aware,random_forest,0.12037037037037036,0.12026896158009016,0.009259259259259259,0.1111111111111111
identity_attack,task_weighted_empirical,0.5,101112,,mechanism_aware,mlp,0.10532407407407407,0.10544080029962512,-0.005787037037037035,0.0
identity_attack,analytic_gaussian,1.0,42,,clean_auxiliary,logistic_regression,0.11689814814814814,0.11643058330152435,0.005787037037037035,0.2222222222222222
identity_attack,analytic_gaussian,1.0,42,,clean_auxiliary,rbf_svm,0.1111111111111111,0.022222222222222223,0.0,0.1111111111111111
identity_attack,analytic_gaussian,1.0,42,,clean_auxiliary,random_forest,0.11381172839506173,0.09479868643398205,0.0027006172839506293,0.1111111111111111
identity_attack,analytic_gaussian,1.0,42,,clean_auxiliary,mlp,0.11651234567901232,0.10594106771029423,0.005401234567901217,0.1111111111111111
identity_attack,analytic_gaussian,1.0,42,,mechanism_aware,logistic_regression,0.12114197530864196,0.12079601235436509,0.010030864197530853,0.2222222222222222
identity_attack,analytic_gaussian,1.0,42,,mechanism_aware,rbf_svm,0.11265432098765432,0.11215979533616485,0.0015432098765432167,0.1111111111111111
identity_attack,analytic_gaussian,1.0,42,,mechanism_aware,random_forest,0.11072530864197531,0.11068010446865036,-0.0003858024691357903,0.0
identity_attack,analytic_gaussian,1.0,42,,mechanism_aware,mlp,0.11304012345679013,0.11219359703313117,0.001929012345679021,0.2222222222222222
identity_attack,task_weighted_empirical,1.0,42,,clean_auxiliary,logistic_regression,0.1253858024691358,0.12488594670550862,0.0142746913580247,0.1111111111111111
identity_attack,task_weighted_empirical,1.0,42,,clean_auxiliary,rbf_svm,0.1111111111111111,0.022222222222222223,0.0,0.1111111111111111
identity_attack,task_weighted_empirical,1.0,42,,clean_auxiliary,random_forest,0.11651234567901235,0.09721180334076138,0.005401234567901245,0.1111111111111111
identity_attack,task_weighted_empirical,1.0,42,,clean_auxiliary,mlp,0.11612654320987653,0.10080187944858791,0.005015432098765427,0.1111111111111111
identity_attack,task_weighted_empirical,1.0,42,,mechanism_aware,logistic_regression,0.10918209876543211,0.1091936039631853,-0.0019290123456789932,0.1111111111111111
identity_attack,task_weighted_empirical,1.0,42,,mechanism_aware,rbf_svm,0.10609567901234568,0.1059419205872066,-0.005015432098765427,0.0
identity_attack,task_weighted_empirical,1.0,42,,mechanism_aware,random_forest,0.10339506172839505,0.10314831143531064,-0.007716049382716056,0.1111111111111111
identity_attack,task_weighted_empirical,1.0,42,,mechanism_aware,mlp,0.11265432098765432,0.1102937094671394,0.0015432098765432167,0.1111111111111111
identity_attack,analytic_gaussian,1.0,123,,clean_auxiliary,logistic_regression,0.12461419753086421,0.12297071289224454,0.013503086419753105,0.2222222222222222
identity_attack,analytic_gaussian,1.0,123,,clean_auxiliary,rbf_svm,0.1111111111111111,0.022222222222222223,0.0,0.1111111111111111
identity_attack,analytic_gaussian,1.0,123,,clean_auxiliary,random_forest,0.12075617283950618,0.10270342125741776,0.009645061728395077,0.1111111111111111
identity_attack,analytic_gaussian,1.0,123,,clean_auxiliary,mlp,0.11766975308641976,0.10203399452165002,0.006558641975308657,0.1111111111111111
identity_attack,analytic_gaussian,1.0,123,,mechanism_aware,logistic_regression,0.10455246913580246,0.10439426740788227,-0.006558641975308643,0.0
identity_attack,analytic_gaussian,1.0,123,,mechanism_aware,rbf_svm,0.10609567901234568,0.10613901734119073,-0.005015432098765427,0.0
identity_attack,analytic_gaussian,1.0,123,,mechanism_aware,random_forest,0.1080246913580247,0.10748901076041227,-0.0030864197530864057,0.0
identity_attack,analytic_gaussian,1.0,123,,mechanism_aware,mlp,0.10108024691358025,0.1000282532301008,-0.010030864197530853,0.1111111111111111
identity_attack,task_weighted_empirical,1.0,123,,clean_auxiliary,logistic_regression,0.12268518518518517,0.12290613950686409,0.01157407407407407,0.2222222222222222
identity_attack,task_weighted_empirical,1.0,123,,clean_auxiliary,rbf_svm,0.1111111111111111,0.022222222222222223,0.0,0.1111111111111111
identity_attack,task_weighted_empirical,1.0,123,,clean_auxiliary,random_forest,0.13040123456790123,0.10639795048464967,0.019290123456790126,0.1111111111111111
identity_attack,task_weighted_empirical,1.0,123,,clean_auxiliary,mlp,0.12461419753086418,0.1086689252872732,0.013503086419753077,0.1111111111111111
identity_attack,task_weighted_empirical,1.0,123,,mechanism_aware,logistic_regression,0.11304012345679013,0.11322058543019413,0.001929012345679021,0.1111111111111111
identity_attack,task_weighted_empirical,1.0,123,,mechanism_aware,rbf_svm,0.1095679012345679,0.10910978996932386,-0.0015432098765432029,0.0
identity_attack,task_weighted_empirical,1.0,123,,mechanism_aware,random_forest,0.09992283950617284,0.09945679884778978,-0.011188271604938266,0.0
identity_attack,task_weighted_empirical,1.0,123,,mechanism_aware,mlp,0.10686728395061729,0.10685251757009225,-0.004243827160493818,0.1111111111111111
identity_attack,analytic_gaussian,1.0,456,,clean_auxiliary,logistic_regression,0.1099537037037037,0.10993689229581896,-0.0011574074074073987,0.1111111111111111
identity_attack,analytic_gaussian,1.0,456,,clean_auxiliary,rbf_svm,0.1111111111111111,0.022222222222222223,0.0,0.1111111111111111
identity_attack,analytic_gaussian,1.0,456,,clean_auxiliary,random_forest,0.10725308641975309,0.08719510359750357,-0.003858024691358014,0.1111111111111111
identity_attack,analytic_gaussian,1.0,456,,clean_auxiliary,mlp,0.10262345679012345,0.08926412573515122,-0.00848765432098765,0.1111111111111111
identity_attack,analytic_gaussian,1.0,456,,mechanism_aware,logistic_regression,0.11651234567901235,0.11616858087337192,0.005401234567901245,0.1111111111111111
identity_attack,analytic_gaussian,1.0,456,,mechanism_aware,rbf_svm,0.11304012345679013,0.11294255418110784,0.001929012345679021,0.1111111111111111
identity_attack,analytic_gaussian,1.0,456,,mechanism_aware,random_forest,0.10493827160493825,0.10476709067329473,-0.006172839506172853,0.1111111111111111
identity_attack,analytic_gaussian,1.0,456,,mechanism_aware,mlp,0.11612654320987653,0.11522516403319669,0.005015432098765427,0.2222222222222222
identity_attack,task_weighted_empirical,1.0,456,,clean_auxiliary,logistic_regression,0.1087962962962963,0.10829765192662369,-0.0023148148148148112,0.0
identity_attack,task_weighted_empirical,1.0,456,,clean_auxiliary,rbf_svm,0.1111111111111111,0.022222222222222223,0.0,0.1111111111111111
identity_attack,task_weighted_empirical,1.0,456,,clean_auxiliary,random_forest,0.11535493827160494,0.0965648511491216,0.004243827160493832,0.1111111111111111
identity_attack,task_weighted_empirical,1.0,456,,clean_auxiliary,mlp,0.11188271604938271,0.09553434120732093,0.0007716049382716084,0.1111111111111111
identity_attack,task_weighted_empirical,1.0,456,,mechanism_aware,logistic_regression,0.12037037037037036,0.12007655055257255,0.009259259259259259,0.3333333333333333
identity_attack,task_weighted_empirical,1.0,456,,mechanism_aware,rbf_svm,0.11342592592592592,0.11330271913304231,0.0023148148148148112,0.0
identity_attack,task_weighted_empirical,1.0,456,,mechanism_aware,random_forest,0.11574074074074076,0.11530883416276781,0.00462962962962965,0.0
identity_attack,task_weighted_empirical,1.0,456,,mechanism_aware,mlp,0.11612654320987653,0.1157915509344306,0.005015432098765427,0.2222222222222222
identity_attack,analytic_gaussian,1.0,789,,clean_auxiliary,logistic_regression,0.11458333333333333,0.11350003307527572,0.0034722222222222238,0.2222222222222222
identity_attack,analytic_gaussian,1.0,789,,clean_auxiliary,rbf_svm,0.1111111111111111,0.022222222222222223,0.0,0.1111111111111111
identity_attack,analytic_gaussian,1.0,789,,clean_auxiliary,random_forest,0.12384259259259259,0.09963266998535378,0.012731481481481483,0.1111111111111111
identity_attack,analytic_gaussian,1.0,789,,clean_auxiliary,mlp,0.11574074074074073,0.10192824283339012,0.0046296296296296224,0.1111111111111111
identity_attack,analytic_gaussian,1.0,789,,mechanism_aware,logistic_regression,0.11419753086419752,0.11420765886168883,0.0030864197530864196,0.3333333333333333
identity_attack,analytic_gaussian,1.0,789,,mechanism_aware,rbf_svm,0.11419753086419754,0.11396792235702297,0.0030864197530864335,0.2222222222222222
identity_attack,analytic_gaussian,1.0,789,,mechanism_aware,random_forest,0.1091820987654321,0.10869999743917017,-0.001929012345679007,0.0
identity_attack,analytic_gaussian,1.0,789,,mechanism_aware,mlp,0.10493827160493827,0.10472304260196037,-0.006172839506172839,0.0
identity_attack,task_weighted_empirical,1.0,789,,clean_auxiliary,logistic_regression,0.11419753086419752,0.11354287107709372,0.0030864197530864196,0.1111111111111111
identity_attack,task_weighted_empirical,1.0,789,,clean_auxiliary,rbf_svm,0.1111111111111111,0.022222222222222223,0.0,0.1111111111111111
identity_attack,task_weighted_empirical,1.0,789,,clean_auxiliary,random_forest,0.10493827160493827,0.09080402906045303,-0.006172839506172839,0.1111111111111111
identity_attack,task_weighted_empirical,1.0,789,,clean_auxiliary,mlp,0.10532407407407408,0.08976916650819507,-0.005787037037037021,0.1111111111111111
identity_attack,task_weighted_empirical,1.0,789,,mechanism_aware,logistic_regression,0.12307098765432098,0.12284665244386793,0.011959876543209874,0.2222222222222222
identity_attack,task_weighted_empirical,1.0,789,,mechanism_aware,rbf_svm,0.126929012345679,0.12681838007605575,0.015817901234567888,0.3333333333333333
identity_attack,task_weighted_empirical,1.0,789,,mechanism_aware,random_forest,0.11921296296296297,0.119327133393402,0.00810185185185186,0.3333333333333333
identity_attack,task_weighted_empirical,1.0,789,,mechanism_aware,mlp,0.10262345679012345,0.10169376497258506,-0.00848765432098765,0.1111111111111111
identity_attack,analytic_gaussian,1.0,101112,,clean_auxiliary,logistic_regression,0.11381172839506173,0.11250694836737603,0.0027006172839506293,0.2222222222222222
identity_attack,analytic_gaussian,1.0,101112,,clean_auxiliary,rbf_svm,0.1111111111111111,0.022222222222222223,0.0,0.1111111111111111
identity_attack,analytic_gaussian,1.0,101112,,clean_auxiliary,random_forest,0.11496913580246915,0.09245080107791703,0.003858024691358042,0.1111111111111111
identity_attack,analytic_gaussian,1.0,101112,,clean_auxiliary,mlp,0.11998456790123457,0.1065355505108505,0.008873456790123468,0.1111111111111111
identity_attack,analytic_gaussian,1.0,101112,,mechanism_aware,logistic_regression,0.10300925925925926,0.10278000445419606,-0.008101851851851846,0.1111111111111111
identity_attack,analytic_gaussian,1.0,101112,,mechanism_aware,rbf_svm,0.10956790123456789,0.10934937048503678,-0.0015432098765432167,0.1111111111111111
identity_attack,analytic_gaussian,1.0,101112,,mechanism_aware,random_forest,0.11651234567901235,0.11597473537977071,0.005401234567901245,0.2222222222222222
identity_attack,analytic_gaussian,1.0,101112,,mechanism_aware,mlp,0.10223765432098765,0.10213792833812363,-0.008873456790123455,0.1111111111111111
identity_attack,task_weighted_empirical,1.0,101112,,clean_auxiliary,logistic_regression,0.11496913580246912,0.11364426291756707,0.003858024691358014,0.2222222222222222
identity_attack,task_weighted_empirical,1.0,101112,,clean_auxiliary,rbf_svm,0.1111111111111111,0.022222222222222223,0.0,0.1111111111111111
identity_attack,task_weighted_empirical,1.0,101112,,clean_auxiliary,random_forest,0.11805555555555555,0.10111334496036344,0.0069444444444444475,0.1111111111111111
identity_attack,task_weighted_empirical,1.0,101112,,clean_auxiliary,mlp,0.1219135802469136,0.10666914709499264,0.01080246913580249,0.1111111111111111
identity_attack,task_weighted_empirical,1.0,101112,,mechanism_aware,logistic_regression,0.11072530864197533,0.11039854426384099,-0.0003858024691357764,0.2222222222222222
identity_attack,task_weighted_empirical,1.0,101112,,mechanism_aware,rbf_svm,0.11844135802469134,0.11861498795234644,0.007330246913580238,0.2222222222222222
identity_attack,task_weighted_empirical,1.0,101112,,mechanism_aware,random_forest,0.11342592592592592,0.11303411651073361,0.0023148148148148112,0.1111111111111111
identity_attack,task_weighted_empirical,1.0,101112,,mechanism_aware,mlp,0.11419753086419752,0.11355890858519545,0.0030864197530864196,0.0
identity_attack,analytic_gaussian,2.0,42,,clean_auxiliary,logistic_regression,0.12538580246913578,0.12493525460680575,0.014274691358024671,0.2222222222222222
identity_attack,analytic_gaussian,2.0,42,,clean_auxiliary,rbf_svm,0.1111111111111111,0.022222222222222223,0.0,0.1111111111111111
identity_attack,analytic_gaussian,2.0,42,,clean_auxiliary,random_forest,0.11651234567901235,0.09737528793418077,0.005401234567901245,0.1111111111111111
identity_attack,analytic_gaussian,2.0,42,,clean_auxiliary,mlp,0.12114197530864196,0.11081186027313993,0.010030864197530853,0.1111111111111111
identity_attack,analytic_gaussian,2.0,42,,mechanism_aware,logistic_regression,0.12422839506172838,0.12392798630151229,0.013117283950617273,0.2222222222222222
identity_attack,analytic_gaussian,2.0,42,,mechanism_aware,rbf_svm,0.11419753086419752,0.11356174132086506,0.0030864197530864196,0.1111111111111111
identity_attack,analytic_gaussian,2.0,42,,mechanism_aware,random_forest,0.1111111111111111,0.11122547655852782,0.0,0.0
identity_attack,analytic_gaussian,2.0,42,,mechanism_aware,mlp,0.11535493827160496,0.11434848557134154,0.00424382716049386,0.2222222222222222
identity_attack,task_weighted_empirical,2.0,42,,clean_auxiliary,logistic_regression,0.13348765432098766,0.13318081585920755,0.02237654320987656,0.2222222222222222
identity_attack,task_weighted_empirical,2.0,42,,clean_auxiliary,rbf_svm,0.1111111111111111,0.022222222222222223,0.0,0.1111111111111111
identity_attack,task_weighted_empirical,2.0,42,,clean_auxiliary,random_forest,0.12345679012345677,0.10320013305613952,0.012345679012345664,0.1111111111111111
identity_attack,task_weighted_empirical,2.0,42,,clean_auxiliary,mlp,0.12075617283950618,0.1064814092577589,0.009645061728395077,0.1111111111111111
identity_attack,task_weighted_empirical,2.0,42,,mechanism_aware,logistic_regression,0.1114969135802469,0.11148866323504808,0.0003858024691357903,0.1111111111111111
identity_attack,task_weighted_empirical,2.0,42,,mechanism_aware,rbf_svm,0.1099537037037037,0.11000014813390593,-0.0011574074074073987,0.0
identity_attack,task_weighted_empirical,2.0,42,,mechanism_aware,random_forest,0.10300925925925924,0.10264743352022679,-0.00810185185185186,0.0
identity_attack,task_weighted_empirical,2.0,42,,mechanism_aware,mlp,0.1111111111111111,0.10841657944504553,0.0,0.1111111111111111
identity_attack,analytic_gaussian,2.0,123,,clean_auxiliary,logistic_regression,0.13271604938271606,0.1311751281513937,0.02160493827160495,0.3333333333333333
identity_attack,analytic_gaussian,2.0,123,,clean_auxiliary,rbf_svm,0.1111111111111111,0.022222222222222223,0.0,0.1111111111111111
identity_attack,analytic_gaussian,2.0,123,,clean_auxiliary,random_forest,0.1234567901234568,0.10603931687765836,0.012345679012345692,0.1111111111111111
identity_attack,analytic_gaussian,2.0,123,,clean_auxiliary,mlp,0.12229938271604938,0.10663828002073412,0.01118827160493828,0.1111111111111111
identity_attack,analytic_gaussian,2.0,123,,mechanism_aware,logistic_regression,0.1091820987654321,0.10894696737845608,-0.001929012345679007,0.1111111111111111
identity_attack,analytic_gaussian,2.0,123,,mechanism_aware,rbf_svm,0.10802469135802469,0.1081361893781481,-0.0030864197530864196,0.1111111111111111
identity_attack,analytic_gaussian,2.0,123,,mechanism_aware,random_forest,0.10841049382716049,0.10824807365364303,-0.0027006172839506154,0.1111111111111111
identity_attack,analytic_gaussian,2.0,123,,mechanism_aware,mlp,0.10262345679012345,0.10151890253643875,-0.00848765432098765,0.1111111111111111
identity_attack,task_weighted_empirical,2.0,123,,clean_auxiliary,logistic_regression,0.13194444444444445,0.13207850768448715,0.020833333333333343,0.2222222222222222
identity_attack,task_weighted_empirical,2.0,123,,clean_auxiliary,rbf_svm,0.1111111111111111,0.022222222222222223,0.0,0.1111111111111111
identity_attack,task_weighted_empirical,2.0,123,,clean_auxiliary,random_forest,0.13464506172839508,0.11096876015885626,0.023533950617283972,0.1111111111111111
identity_attack,task_weighted_empirical,2.0,123,,clean_auxiliary,mlp,0.12962962962962965,0.11375620180178947,0.018518518518518545,0.1111111111111111
identity_attack,task_weighted_empirical,2.0,123,,mechanism_aware,logistic_regression,0.11304012345679013,0.1131571646485568,0.001929012345679021,0.1111111111111111
identity_attack,task_weighted_empirical,2.0,123,,mechanism_aware,rbf_svm,0.1111111111111111,0.11077133588325387,0.0,0.0
identity_attack,task_weighted_empirical,2.0,123,,mechanism_aware,random_forest,0.11304012345679013,0.11271358322175112,0.001929012345679021,0.1111111111111111
identity_attack,task_weighted_empirical,2.0,123,,mechanism_aware,mlp,0.1087962962962963,0.10865723346410375,-0.0023148148148148112,0.1111111111111111
identity_attack,analytic_gaussian,2.0,456,,clean_auxiliary,logistic_regression,0.11805555555555555,0.11826440849030427,0.0069444444444444475,0.2222222222222222
identity_attack,analytic_gaussian,2.0,456,,clean_auxiliary,rbf_svm,0.1111111111111111,0.022222222222222223,0.0,0.1111111111111111
identity_attack,analytic_gaussian,2.0,456,,clean_auxiliary,random_forest,0.11381172839506173,0.09390672531202375,0.0027006172839506293,0.1111111111111111
identity_attack,analytic_gaussian,2.0,456,,clean_auxiliary,mlp,0.10918209876543211,0.09538635552357505,-0.0019290123456789932,0.1111111111111111
identity_attack,analytic_gaussian,2.0,456,,mechanism_aware,logistic_regression,0.11844135802469137,0.1181924684488547,0.007330246913580266,0.2222222222222222
identity_attack,analytic_gaussian,2.0,456,,mechanism_aware,rbf_svm,0.11304012345679013,0.11298636142099291,0.001929012345679021,0.1111111111111111
identity_attack,analytic_gaussian,2.0,456,,mechanism_aware,random_forest,0.11574074074074076,0.11579669963228698,0.00462962962962965,0.1111111111111111
identity_attack,analytic_gaussian,2.0,456,,mechanism_aware,mlp,0.11766975308641975,0.1169760950839057,0.006558641975308643,0.2222222222222222
identity_attack,task_weighted_empirical,2.0,456,,clean_auxiliary,logistic_regression,0.11419753086419752,0.11374397212834671,0.0030864197530864196,0.1111111111111111
identity_attack,task_weighted_empirical,2.0,456,,clean_auxiliary,rbf_svm,0.1111111111111111,0.022222222222222223,0.0,0.1111111111111111
identity_attack,task_weighted_empirical,2.0,456,,clean_auxiliary,random_forest,0.1219135802469136,0.10409203715134055,0.01080246913580249,0.1111111111111111
identity_attack,task_weighted_empirical,2.0,456,,clean_auxiliary,mlp,0.11651234567901235,0.1000661827990898,0.005401234567901245,0.1111111111111111
identity_attack,task_weighted_empirical,2.0,456,,mechanism_aware,logistic_regression,0.12268518518518517,0.12260965568712218,0.01157407407407407,0.3333333333333333
identity_attack,task_weighted_empirical,2.0,456,,mechanism_aware,rbf_svm,0.12037037037037036,0.12030349633965239,0.009259259259259259,0.1111111111111111
identity_attack,task_weighted_empirical,2.0,456,,mechanism_aware,random_forest,0.1107253086419753,0.11002679748353081,-0.0003858024691358042,0.2222222222222222
identity_attack,task_weighted_empirical,2.0,456,,mechanism_aware,mlp,0.11805555555555555,0.11760224881801208,0.0069444444444444475,0.1111111111111111
identity_attack,analytic_gaussian,2.0,789,,clean_auxiliary,logistic_regression,0.11998456790123457,0.11879979037779548,0.008873456790123468,0.2222222222222222
identity_attack,analytic_gaussian,2.0,789,,clean_auxiliary,rbf_svm,0.1111111111111111,0.022222222222222223,0.0,0.1111111111111111
identity_attack,analytic_gaussian,2.0,789,,clean_auxiliary,random_forest,0.12384259259259259,0.10034659006547401,0.012731481481481483,0.1111111111111111
identity_attack,analytic_gaussian,2.0,789,,clean_auxiliary,mlp,0.11959876543209876,0.10552640522865363,0.00848765432098765,0.1111111111111111
identity_attack,analytic_gaussian,2.0,789,,mechanism_aware,logistic_regression,0.11651234567901235,0.11644292823248785,0.005401234567901245,0.2222222222222222
identity_attack,analytic_gaussian,2.0,789,,mechanism_aware,rbf_svm,0.11612654320987653,0.1158771876476426,0.005015432098765427,0.2222222222222222
identity_attack,analytic_gaussian,2.0,789,,mechanism_aware,random_forest,0.11265432098765432,0.11249833414490379,0.0015432098765432167,0.0
identity_attack,analytic_gaussian,2.0,789,,mechanism_aware,mlp,0.10185185185185185,0.10188159611174856,-0.009259259259259259,0.0
identity_attack,task_weighted_empirical,2.0,789,,clean_auxiliary,logistic_regression,0.11959876543209876,0.11917439112579713,0.00848765432098765,0.1111111111111111
identity_attack,task_weighted_empirical,2.0,789,,clean_auxiliary,rbf_svm,0.1111111111111111,0.022222222222222223,0.0,0.1111111111111111
identity_attack,task_weighted_empirical,2.0,789,,clean_auxiliary,random_forest,0.1122685185185185,0.09624948927959401,0.0011574074074073987,0.1111111111111111
identity_attack,task_weighted_empirical,2.0,789,,clean_auxiliary,mlp,0.1095679012345679,0.09345952383804261,-0.0015432098765432029,0.1111111111111111
identity_attack,task_weighted_empirical,2.0,789,,mechanism_aware,logistic_regression,0.12114197530864196,0.12084747337510247,0.010030864197530853,0.2222222222222222
identity_attack,task_weighted_empirical,2.0,789,,mechanism_aware,rbf_svm,0.12808641975308643,0.12808453371889789,0.01697530864197533,0.3333333333333333
identity_attack,task_weighted_empirical,2.0,789,,mechanism_aware,random_forest,0.11226851851851853,0.11221373244144406,0.0011574074074074264,0.0
identity_attack,task_weighted_empirical,2.0,789,,mechanism_aware,mlp,0.10609567901234568,0.10540115438707184,-0.005015432098765427,0.0
identity_attack,analytic_gaussian,2.0,101112,,clean_auxiliary,logistic_regression,0.12422839506172839,0.12282896890805167,0.013117283950617287,0.3333333333333333
identity_attack,analytic_gaussian,2.0,101112,,clean_auxiliary,rbf_svm,0.1111111111111111,0.022222222222222223,0.0,0.1111111111111111
identity_attack,analytic_gaussian,2.0,101112,,clean_auxiliary,random_forest,0.11882716049382716,0.09673870470299478,0.007716049382716056,0.1111111111111111
identity_attack,analytic_gaussian,2.0,101112,,clean_auxiliary,mlp,0.12422839506172839,0.11066586978997492,0.013117283950617287,0.1111111111111111
identity_attack,analytic_gaussian,2.0,101112,,mechanism_aware,logistic_regression,0.1080246913580247,0.10775428039009446,-0.0030864197530864057,0.2222222222222222
identity_attack,analytic_gaussian,2.0,101112,,mechanism_aware,rbf_svm,0.1076388888888889,0.10739396495305126,-0.00347222222222221,0.1111111111111111
identity_attack,analytic_gaussian,2.0,101112,,mechanism_aware,random_forest,0.10995370370370369,0.10982010453450453,-0.0011574074074074125,0.1111111111111111
identity_attack,analytic_gaussian,2.0,101112,,mechanism_aware,mlp,0.11959876543209876,0.11756991136810886,0.00848765432098765,0.4444444444444444
identity_attack,task_weighted_empirical,2.0,101112,,clean_auxiliary,logistic_regression,0.12307098765432098,0.12176610380294124,0.011959876543209874,0.2222222222222222
identity_attack,task_weighted_empirical,2.0,101112,,clean_auxiliary,rbf_svm,0.1111111111111111,0.022222222222222223,0.0,0.1111111111111111
identity_attack,task_weighted_empirical,2.0,101112,,clean_auxiliary,random_forest,0.1253858024691358,0.10703450041207553,0.0142746913580247,0.1111111111111111
identity_attack,task_weighted_empirical,2.0,101112,,clean_auxiliary,mlp,0.12461419753086421,0.10890616845787013,0.013503086419753105,0.1111111111111111
identity_attack,task_weighted_empirical,2.0,101112,,mechanism_aware,logistic_regression,0.11419753086419754,0.1139941605965341,0.0030864197530864335,0.2222222222222222
identity_attack,task_weighted_empirical,2.0,101112,,mechanism_aware,rbf_svm,0.11998456790123457,0.12026140066082774,0.008873456790123468,0.2222222222222222
identity_attack,task_weighted_empirical,2.0,101112,,mechanism_aware,random_forest,0.1234567901234568,0.12350507359047762,0.012345679012345692,0.2222222222222222
identity_attack,task_weighted_empirical,2.0,101112,,mechanism_aware,mlp,0.11535493827160494,0.11547631299511371,0.004243827160493832,0.0
identity_attack,analytic_gaussian,4.0,42,,clean_auxiliary,logistic_regression,0.13850308641975306,0.1381827770572565,0.027391975308641958,0.3333333333333333
identity_attack,analytic_gaussian,4.0,42,,clean_auxiliary,rbf_svm,0.1111111111111111,0.022222222222222223,0.0,0.1111111111111111
identity_attack,analytic_gaussian,4.0,42,,clean_auxiliary,random_forest,0.12384259259259262,0.10440348190258517,0.01273148148148151,0.1111111111111111
identity_attack,analytic_gaussian,4.0,42,,clean_auxiliary,mlp,0.1311728395061728,0.12054498485250693,0.020061728395061706,0.1111111111111111
identity_attack,analytic_gaussian,4.0,42,,mechanism_aware,logistic_regression,0.1304012345679012,0.13010780780308792,0.019290123456790098,0.3333333333333333
identity_attack,analytic_gaussian,4.0,42,,mechanism_aware,rbf_svm,0.12152777777777778,0.12114931398957277,0.010416666666666671,0.1111111111111111
identity_attack,analytic_gaussian,4.0,42,,mechanism_aware,random_forest,0.11612654320987653,0.1160411070255602,0.005015432098765427,0.2222222222222222
identity_attack,analytic_gaussian,4.0,42,,mechanism_aware,mlp,0.11188271604938271,0.11008753179709102,0.0007716049382716084,0.3333333333333333
identity_attack,task_weighted_empirical,4.0,42,,clean_auxiliary,logistic_regression,0.14737654320987653,0.14722500544696815,0.03626543209876543,0.3333333333333333
identity_attack,task_weighted_empirical,4.0,42,,clean_auxiliary,rbf_svm,0.1111111111111111,0.022222222222222223,0.0,0.1111111111111111
identity_attack,task_weighted_empirical,4.0,42,,clean_auxiliary,random_forest,0.13233024691358022,0.10959508722044532,0.02121913580246912,0.1111111111111111
identity_attack,task_weighted_empirical,4.0,42,,clean_auxiliary,mlp,0.13233024691358025,0.11730748364220717,0.021219135802469147,0.1111111111111111
identity_attack,task_weighted_empirical,4.0,42,,mechanism_aware,logistic_regression,0.11959876543209876,0.11969641816342191,0.00848765432098765,0.0
identity_attack,task_weighted_empirical,4.0,42,,mechanism_aware,rbf_svm,0.11998456790123457,0.12011894578283155,0.008873456790123468,0.1111111111111111
identity_attack,task_weighted_empirical,4.0,42,,mechanism_aware,random_forest,0.10802469135802467,0.10776242626702853,-0.0030864197530864335,0.0
identity_attack,task_weighted_empirical,4.0,42,,mechanism_aware,mlp,0.1084104938271605,0.10637410975944236,-0.0027006172839506015,0.1111111111111111
identity_attack,analytic_gaussian,4.0,123,,clean_auxiliary,logistic_regression,0.1450617283950617,0.14357141465187886,0.0339506172839506,0.3333333333333333
identity_attack,analytic_gaussian,4.0,123,,clean_auxiliary,rbf_svm,0.1111111111111111,0.022222222222222223,0.0,0.1111111111111111
identity_attack,analytic_gaussian,4.0,123,,clean_auxiliary,random_forest,0.13310185185185186,0.115500318053019,0.021990740740740755,0.1111111111111111
identity_attack,analytic_gaussian,4.0,123,,clean_auxiliary,mlp,0.13078703703703706,0.11449900146258643,0.019675925925925958,0.1111111111111111
identity_attack,analytic_gaussian,4.0,123,,mechanism_aware,logistic_regression,0.11574074074074076,0.11539976984778533,0.00462962962962965,0.2222222222222222
identity_attack,analytic_gaussian,4.0,123,,mechanism_aware,rbf_svm,0.11612654320987653,0.1162212545227591,0.005015432098765427,0.2222222222222222
identity_attack,analytic_gaussian,4.0,123,,mechanism_aware,random_forest,0.1076388888888889,0.10752418674333226,-0.00347222222222221,0.0
identity_attack,analytic_gaussian,4.0,123,,mechanism_aware,mlp,0.10108024691358024,0.09992908858156435,-0.010030864197530867,0.1111111111111111
identity_attack,task_weighted_empirical,4.0,123,,clean_auxiliary,logistic_regression,0.14429012345679013,0.14441298650098655,0.03317901234567902,0.4444444444444444
identity_attack,task_weighted_empirical,4.0,123,,clean_auxiliary,rbf_svm,0.1111111111111111,0.022222222222222223,0.0,0.1111111111111111
identity_attack,task_weighted_empirical,4.0,123,,clean_auxiliary,random_forest,0.14660493827160492,0.12196271620040831,0.03549382716049382,0.1111111111111111
identity_attack,task_weighted_empirical,4.0,123,,clean_auxiliary,mlp,0.1427469135802469,0.12808798392693674,0.031635802469135804,0.1111111111111111
identity_attack,task_weighted_empirical,4.0,123,,mechanism_aware,logistic_regression,0.11612654320987653,0.11595245005886719,0.005015432098765427,0.1111111111111111
identity_attack,task_weighted_empirical,4.0,123,,mechanism_aware,rbf_svm,0.11882716049382716,0.11865859806922313,0.007716049382716056,0.0
identity_attack,task_weighted_empirical,4.0,123,,mechanism_aware,random_forest,0.11959876543209876,0.11939199791444007,0.00848765432098765,0.0
identity_attack,task_weighted_empirical,4.0,123,,mechanism_aware,mlp,0.11612654320987653,0.11596250728394189,0.005015432098765427,0.1111111111111111
identity_attack,analytic_gaussian,4.0,456,,clean_auxiliary,logistic_regression,0.13155864197530864,0.13190505492730414,0.02044753086419754,0.2222222222222222
identity_attack,analytic_gaussian,4.0,456,,clean_auxiliary,rbf_svm,0.1111111111111111,0.022222222222222223,0.0,0.1111111111111111
identity_attack,analytic_gaussian,4.0,456,,clean_auxiliary,random_forest,0.12191358024691357,0.10079566591160516,0.010802469135802462,0.1111111111111111
identity_attack,analytic_gaussian,4.0,456,,clean_auxiliary,mlp,0.11844135802469137,0.10429557627879027,0.007330246913580266,0.1111111111111111
identity_attack,analytic_gaussian,4.0,456,,mechanism_aware,logistic_regression,0.11998456790123457,0.11996837894285292,0.008873456790123468,0.2222222222222222
identity_attack,analytic_gaussian,4.0,456,,mechanism_aware,rbf_svm,0.11689814814814814,0.11671290578581697,0.005787037037037035,0.1111111111111111
identity_attack,analytic_gaussian,4.0,456,,mechanism_aware,random_forest,0.12114197530864199,0.11982672795786435,0.010030864197530881,0.3333333333333333
identity_attack,analytic_gaussian,4.0,456,,mechanism_aware,mlp,0.11805555555555555,0.11727761001748117,0.0069444444444444475,0.2222222222222222
identity_attack,task_weighted_empirical,4.0,456,,clean_auxiliary,logistic_regression,0.1284722222222222,0.1280084628955939,0.017361111111111105,0.3333333333333333
identity_attack,task_weighted_empirical,4.0,456,,clean_auxiliary,rbf_svm,0.1111111111111111,0.022222222222222223,0.0,0.1111111111111111
identity_attack,task_weighted_empirical,4.0,456,,clean_auxiliary,random_forest,0.13117283950617284,0.11152986740336591,0.020061728395061734,0.1111111111111111
identity_attack,task_weighted_empirical,4.0,456,,clean_auxiliary,mlp,0.12577160493827164,0.10980452453248091,0.014660493827160531,0.1111111111111111
identity_attack,task_weighted_empirical,4.0,456,,mechanism_aware,logistic_regression,0.130787037037037,0.13056681936987136,0.019675925925925902,0.5555555555555556
identity_attack,task_weighted_empirical,4.0,456,,mechanism_aware,rbf_svm,0.13348765432098764,0.13335960517859002,0.02237654320987653,0.5555555555555556
identity_attack,task_weighted_empirical,4.0,456,,mechanism_aware,random_forest,0.11959876543209876,0.11958726089150441,0.00848765432098765,0.0
identity_attack,task_weighted_empirical,4.0,456,,mechanism_aware,mlp,0.12268518518518517,0.12247247225846669,0.01157407407407407,0.3333333333333333
identity_attack,analytic_gaussian,4.0,789,,clean_auxiliary,logistic_regression,0.13425925925925924,0.13312234184194383,0.02314814814814814,0.2222222222222222
identity_attack,analytic_gaussian,4.0,789,,clean_auxiliary,rbf_svm,0.1111111111111111,0.022222222222222223,0.0,0.1111111111111111
identity_attack,analytic_gaussian,4.0,789,,clean_auxiliary,random_forest,0.13155864197530864,0.10540078762792196,0.02044753086419754,0.1111111111111111
identity_attack,analytic_gaussian,4.0,789,,clean_auxiliary,mlp,0.13001543209876545,0.11428060457403746,0.01890432098765435,0.1111111111111111
identity_attack,analytic_gaussian,4.0,789,,mechanism_aware,logistic_regression,0.1261574074074074,0.12603735985718384,0.015046296296296308,0.3333333333333333
identity_attack,analytic_gaussian,4.0,789,,mechanism_aware,rbf_svm,0.12268518518518519,0.12253375326165385,0.011574074074074084,0.4444444444444444
identity_attack,analytic_gaussian,4.0,789,,mechanism_aware,random_forest,0.10146604938271604,0.10090043407995336,-0.009645061728395063,0.1111111111111111
identity_attack,analytic_gaussian,4.0,789,,mechanism_aware,mlp,0.10686728395061729,0.10691413884830687,-0.004243827160493818,0.1111111111111111
identity_attack,task_weighted_empirical,4.0,789,,clean_auxiliary,logistic_regression,0.13464506172839508,0.13421944314724754,0.023533950617283972,0.2222222222222222
identity_attack,task_weighted_empirical,4.0,789,,clean_auxiliary,rbf_svm,0.1111111111111111,0.022222222222222223,0.0,0.1111111111111111
identity_attack,task_weighted_empirical,4.0,789,,clean_auxiliary,random_forest,0.12152777777777778,0.1064010934388359,0.010416666666666671,0.1111111111111111
identity_attack,task_weighted_empirical,4.0,789,,clean_auxiliary,mlp,0.11844135802469137,0.10145605196702333,0.007330246913580266,0.1111111111111111
identity_attack,task_weighted_empirical,4.0,789,,mechanism_aware,logistic_regression,0.12577160493827164,0.12550480769818462,0.014660493827160531,0.3333333333333333
identity_attack,task_weighted_empirical,4.0,789,,mechanism_aware,rbf_svm,0.13734567901234568,0.13730005864047684,0.026234567901234573,0.4444444444444444
identity_attack,task_weighted_empirical,4.0,789,,mechanism_aware,random_forest,0.11458333333333333,0.11381908275465685,0.0034722222222222238,0.2222222222222222
identity_attack,task_weighted_empirical,4.0,789,,mechanism_aware,mlp,0.10956790123456789,0.10904480729987834,-0.0015432098765432167,0.1111111111111111
identity_attack,analytic_gaussian,4.0,101112,,clean_auxiliary,logistic_regression,0.13580246913580246,0.1346046010152136,0.024691358024691357,0.3333333333333333
identity_attack,analytic_gaussian,4.0,101112,,clean_auxiliary,rbf_svm,0.1111111111111111,0.022222222222222223,0.0,0.1111111111111111
identity_attack,analytic_gaussian,4.0,101112,,clean_auxiliary,random_forest,0.12885802469135804,0.10506198815115077,0.017746913580246937,0.1111111111111111
identity_attack,analytic_gaussian,4.0,101112,,clean_auxiliary,mlp,0.1381172839506173,0.12381964899367182,0.027006172839506182,0.1111111111111111
identity_attack,analytic_gaussian,4.0,101112,,mechanism_aware,logistic_regression,0.11381172839506173,0.11350580217249807,0.0027006172839506293,0.2222222222222222
identity_attack,analytic_gaussian,4.0,101112,,mechanism_aware,rbf_svm,0.11304012345679013,0.11290316743590657,0.001929012345679021,0.2222222222222222
identity_attack,analytic_gaussian,4.0,101112,,mechanism_aware,random_forest,0.1122685185185185,0.11148892794697132,0.0011574074074073987,0.1111111111111111
identity_attack,analytic_gaussian,4.0,101112,,mechanism_aware,mlp,0.12152777777777778,0.11831476718614982,0.010416666666666671,0.1111111111111111
identity_attack,task_weighted_empirical,4.0,101112,,clean_auxiliary,logistic_regression,0.13927469135802467,0.13773593268659365,0.028163580246913567,0.3333333333333333
identity_attack,task_weighted_empirical,4.0,101112,,clean_auxiliary,rbf_svm,0.1111111111111111,0.022222222222222223,0.0,0.1111111111111111
identity_attack,task_weighted_empirical,4.0,101112,,clean_auxiliary,random_forest,0.13425925925925924,0.11613132333389425,0.02314814814814814,0.1111111111111111
identity_attack,task_weighted_empirical,4.0,101112,,clean_auxiliary,mlp,0.1381172839506173,0.12099344585020101,0.027006172839506182,0.1111111111111111
identity_attack,task_weighted_empirical,4.0,101112,,mechanism_aware,logistic_regression,0.11612654320987653,0.11592551892640819,0.005015432098765427,0.2222222222222222
identity_attack,task_weighted_empirical,4.0,101112,,mechanism_aware,rbf_svm,0.12654320987654322,0.12690962451282484,0.015432098765432112,0.2222222222222222
identity_attack,task_weighted_empirical,4.0,101112,,mechanism_aware,random_forest,0.11574074074074076,0.11558338367315509,0.00462962962962965,0.1111111111111111
identity_attack,task_weighted_empirical,4.0,101112,,mechanism_aware,mlp,0.11728395061728396,0.11742866612597662,0.006172839506172853,0.1111111111111111
identity_attack,analytic_gaussian,8.0,42,,clean_auxiliary,logistic_regression,0.16512345679012347,0.1650089695783473,0.054012345679012363,0.7777777777777778
identity_attack,analytic_gaussian,8.0,42,,clean_auxiliary,rbf_svm,0.1111111111111111,0.022222222222222223,0.0,0.1111111111111111
identity_attack,analytic_gaussian,8.0,42,,clean_auxiliary,random_forest,0.1388888888888889,0.11790097965609471,0.02777777777777779,0.1111111111111111
identity_attack,analytic_gaussian,8.0,42,,clean_auxiliary,mlp,0.14621913580246915,0.13441628840515724,0.03510802469135804,0.1111111111111111
identity_attack,analytic_gaussian,8.0,42,,mechanism_aware,logistic_regression,0.14621913580246915,0.14610447987176958,0.03510802469135804,0.5555555555555556
identity_attack,analytic_gaussian,8.0,42,,mechanism_aware,rbf_svm,0.14004629629629628,0.1398000682375082,0.028935185185185175,0.5555555555555556
identity_attack,analytic_gaussian,8.0,42,,mechanism_aware,random_forest,0.11458333333333333,0.11446039170099784,0.0034722222222222238,0.1111111111111111
identity_attack,analytic_gaussian,8.0,42,,mechanism_aware,mlp,0.11921296296296295,0.11778699770216816,0.008101851851851846,0.5555555555555556
identity_attack,task_weighted_empirical,8.0,42,,clean_auxiliary,logistic_regression,0.17746913580246915,0.17716303730578714,0.06635802469135804,0.7777777777777778
identity_attack,task_weighted_empirical,8.0,42,,clean_auxiliary,rbf_svm,0.1111111111111111,0.022222222222222223,0.0,0.1111111111111111
identity_attack,task_weighted_empirical,8.0,42,,clean_auxiliary,random_forest,0.14969135802469136,0.12495724856083561,0.03858024691358025,0.2222222222222222
identity_attack,task_weighted_empirical,8.0,42,,clean_auxiliary,mlp,0.14930555555555555,0.13401277203080833,0.03819444444444445,0.1111111111111111
identity_attack,task_weighted_empirical,8.0,42,,mechanism_aware,logistic_regression,0.1404320987654321,0.14002499527802714,0.029320987654321007,0.2222222222222222
identity_attack,task_weighted_empirical,8.0,42,,mechanism_aware,rbf_svm,0.14043209876543208,0.14076029332751464,0.02932098765432098,0.3333333333333333
identity_attack,task_weighted_empirical,8.0,42,,mechanism_aware,random_forest,0.1284722222222222,0.12767966328252586,0.017361111111111105,0.2222222222222222
identity_attack,task_weighted_empirical,8.0,42,,mechanism_aware,mlp,0.13387345679012347,0.13152214733394596,0.022762345679012363,0.3333333333333333
identity_attack,analytic_gaussian,8.0,123,,clean_auxiliary,logistic_regression,0.17939814814814814,0.17832159632380395,0.06828703703703703,0.6666666666666666
identity_attack,analytic_gaussian,8.0,123,,clean_auxiliary,rbf_svm,0.1111111111111111,0.022222222222222223,0.0,0.1111111111111111
identity_attack,analytic_gaussian,8.0,123,,clean_auxiliary,random_forest,0.14043209876543208,0.12282027330211959,0.02932098765432098,0.1111111111111111
identity_attack,analytic_gaussian,8.0,123,,clean_auxiliary,mlp,0.14621913580246912,0.12883275372213418,0.035108024691358014,0.1111111111111111
identity_attack,analytic_gaussian,8.0,123,,mechanism_aware,logistic_regression,0.13695987654320987,0.13647412888660412,0.02584876543209877,0.5555555555555556
identity_attack,analytic_gaussian,8.0,123,,mechanism_aware,rbf_svm,0.1392746913580247,0.1393846044601275,0.028163580246913594,0.5555555555555556
identity_attack,analytic_gaussian,8.0,123,,mechanism_aware,random_forest,0.11304012345679013,0.11263063156792724,0.001929012345679021,0.0
identity_attack,analytic_gaussian,8.0,123,,mechanism_aware,mlp,0.13233024691358022,0.13174649623182774,0.02121913580246912,0.2222222222222222
identity_attack,task_weighted_empirical,8.0,123,,clean_auxiliary,logistic_regression,0.17168209876543208,0.17160661459141743,0.06057098765432098,0.8888888888888888
identity_attack,task_weighted_empirical,8.0,123,,clean_auxiliary,rbf_svm,0.1111111111111111,0.022222222222222223,0.0,0.1111111111111111
identity_attack,task_weighted_empirical,8.0,123,,clean_auxiliary,random_forest,0.16010802469135804,0.1354592133119645,0.04899691358024694,0.2222222222222222
identity_attack,task_weighted_empirical,8.0,123,,clean_auxiliary,mlp,0.1593364197530864,0.1443342096516638,0.0482253086419753,0.1111111111111111
identity_attack,task_weighted_empirical,8.0,123,,mechanism_aware,logistic_regression,0.1450617283950617,0.1445246955517013,0.0339506172839506,0.3333333333333333
identity_attack,task_weighted_empirical,8.0,123,,mechanism_aware,rbf_svm,0.14043209876543208,0.1403952131888705,0.02932098765432098,0.2222222222222222
identity_attack,task_weighted_empirical,8.0,123,,mechanism_aware,random_forest,0.13155864197530864,0.13108817679777485,0.02044753086419754,0.4444444444444444
identity_attack,task_weighted_empirical,8.0,123,,mechanism_aware,mlp,0.13155864197530864,0.13165677646313698,0.02044753086419754,0.3333333333333333
identity_attack,analytic_gaussian,8.0,456,,clean_auxiliary,logistic_regression,0.16319444444444445,0.16395445242720974,0.05208333333333334,0.8888888888888888
identity_attack,analytic_gaussian,8.0,456,,clean_auxiliary,rbf_svm,0.1111111111111111,0.022222222222222223,0.0,0.1111111111111111
identity_attack,analytic_gaussian,8.0,456,,clean_auxiliary,random_forest,0.1361882716049383,0.11481423555190501,0.02507716049382719,0.1111111111111111
identity_attack,analytic_gaussian,8.0,456,,clean_auxiliary,mlp,0.13657407407407407,0.12302177128578576,0.025462962962962965,0.1111111111111111
identity_attack,analytic_gaussian,8.0,456,,mechanism_aware,logistic_regression,0.13194444444444448,0.13217148086262212,0.02083333333333337,0.4444444444444444
identity_attack,analytic_gaussian,8.0,456,,mechanism_aware,rbf_svm,0.13503086419753085,0.13489819900921443,0.02391975308641975,0.4444444444444444
identity_attack,analytic_gaussian,8.0,456,,mechanism_aware,random_forest,0.10030864197530864,0.10043050335094693,-0.010802469135802462,0.0
identity_attack,analytic_gaussian,8.0,456,,mechanism_aware,mlp,0.12962962962962962,0.12941761375007305,0.018518518518518517,0.3333333333333333
identity_attack,task_weighted_empirical,8.0,456,,clean_auxiliary,logistic_regression,0.1593364197530864,0.15901055280998547,0.0482253086419753,0.3333333333333333
identity_attack,task_weighted_empirical,8.0,456,,clean_auxiliary,rbf_svm,0.1111111111111111,0.022222222222222223,0.0,0.1111111111111111
identity_attack,task_weighted_empirical,8.0,456,,clean_auxiliary,random_forest,0.1435185185185185,0.12335339325723453,0.032407407407407385,0.2222222222222222
identity_attack,task_weighted_empirical,8.0,456,,clean_auxiliary,mlp,0.1392746913580247,0.12221112570514261,0.028163580246913594,0.1111111111111111
identity_attack,task_weighted_empirical,8.0,456,,mechanism_aware,logistic_regression,0.15470679012345678,0.15449921441910705,0.04359567901234568,0.7777777777777778
identity_attack,task_weighted_empirical,8.0,456,,mechanism_aware,rbf_svm,0.1566358024691358,0.1563640982038424,0.0455246913580247,0.6666666666666666
identity_attack,task_weighted_empirical,8.0,456,,mechanism_aware,random_forest,0.11342592592592594,0.11349742281820369,0.002314814814814839,0.0
identity_attack,task_weighted_empirical,8.0,456,,mechanism_aware,mlp,0.14351851851851852,0.1429396959281178,0.03240740740740741,0.5555555555555556
identity_attack,analytic_gaussian,8.0,789,,clean_auxiliary,logistic_regression,0.1597222222222222,0.15877793615092278,0.048611111111111105,0.6666666666666666
identity_attack,analytic_gaussian,8.0,789,,clean_auxiliary,rbf_svm,0.1111111111111111,0.022222222222222223,0.0,0.1111111111111111
identity_attack,analytic_gaussian,8.0,789,,clean_auxiliary,random_forest,0.1385030864197531,0.11082614763253999,0.027391975308641986,0.2222222222222222
identity_attack,analytic_gaussian,8.0,789,,clean_auxiliary,mlp,0.14544753086419754,0.12882989833015748,0.03433641975308643,0.1111111111111111
identity_attack,analytic_gaussian,8.0,789,,mechanism_aware,logistic_regression,0.1412037037037037,0.14092656007285315,0.030092592592592587,0.6666666666666666
identity_attack,analytic_gaussian,8.0,789,,mechanism_aware,rbf_svm,0.1369598765432099,0.13654634634181229,0.025848765432098797,0.5555555555555556
identity_attack,analytic_gaussian,8.0,789,,mechanism_aware,random_forest,0.12075617283950615,0.12048441917980537,0.009645061728395049,0.3333333333333333
identity_attack,analytic_gaussian,8.0,789,,mechanism_aware,mlp,0.12307098765432098,0.12304442055666273,0.011959876543209874,0.3333333333333333
identity_attack,task_weighted_empirical,8.0,789,,clean_auxiliary,logistic_regression,0.1589506172839506,0.15817403973567548,0.0478395061728395,0.5555555555555556
identity_attack,task_weighted_empirical,8.0,789,,clean_auxiliary,rbf_svm,0.1111111111111111,0.022222222222222223,0.0,0.1111111111111111
identity_attack,task_weighted_empirical,8.0,789,,clean_auxiliary,random_forest,0.1361882716049383,0.1196805539074097,0.02507716049382719,0.2222222222222222
identity_attack,task_weighted_empirical,8.0,789,,clean_auxiliary,mlp,0.13464506172839508,0.11659227588902371,0.023533950617283972,0.1111111111111111
identity_attack,task_weighted_empirical,8.0,789,,mechanism_aware,logistic_regression,0.1423611111111111,0.1424799978542653,0.03125,0.5555555555555556
identity_attack,task_weighted_empirical,8.0,789,,mechanism_aware,rbf_svm,0.15162037037037035,0.15159493237843835,0.040509259259259245,0.7777777777777778
identity_attack,task_weighted_empirical,8.0,789,,mechanism_aware,random_forest,0.11574074074074073,0.11592196714880806,0.0046296296296296224,0.0
identity_attack,task_weighted_empirical,8.0,789,,mechanism_aware,mlp,0.12770061728395063,0.12741525020785974,0.016589506172839524,0.2222222222222222
identity_attack,analytic_gaussian,8.0,101112,,clean_auxiliary,logistic_regression,0.16820987654320987,0.16705008638601823,0.05709876543209877,0.6666666666666666
identity_attack,analytic_gaussian,8.0,101112,,clean_auxiliary,rbf_svm,0.1111111111111111,0.022222222222222223,0.0,0.1111111111111111
identity_attack,analytic_gaussian,8.0,101112,,clean_auxiliary,random_forest,0.13850308641975306,0.11435168224632314,0.027391975308641958,0.2222222222222222
identity_attack,analytic_gaussian,8.0,101112,,clean_auxiliary,mlp,0.15200617283950615,0.1371256130145768,0.04089506172839505,0.1111111111111111
identity_attack,analytic_gaussian,8.0,101112,,mechanism_aware,logistic_regression,0.13387345679012347,0.13320208573316006,0.022762345679012363,0.2222222222222222
identity_attack,analytic_gaussian,8.0,101112,,mechanism_aware,rbf_svm,0.13695987654320987,0.13665295226610927,0.02584876543209877,0.2222222222222222
identity_attack,analytic_gaussian,8.0,101112,,mechanism_aware,random_forest,0.126929012345679,0.12630663000334577,0.015817901234567888,0.2222222222222222
identity_attack,analytic_gaussian,8.0,101112,,mechanism_aware,mlp,0.12384259259259259,0.12227220798832399,0.012731481481481483,0.2222222222222222
identity_attack,task_weighted_empirical,8.0,101112,,clean_auxiliary,logistic_regression,0.16628086419753085,0.16508119843013586,0.05516975308641975,0.6666666666666666
identity_attack,task_weighted_empirical,8.0,101112,,clean_auxiliary,rbf_svm,0.1111111111111111,0.022222222222222223,0.0,0.1111111111111111
identity_attack,task_weighted_empirical,8.0,101112,,clean_auxiliary,random_forest,0.15509259259259262,0.1344569828043162,0.04398148148148151,0.2222222222222222
identity_attack,task_weighted_empirical,8.0,101112,,clean_auxiliary,mlp,0.1566358024691358,0.1402013855230737,0.0455246913580247,0.1111111111111111
identity_attack,task_weighted_empirical,8.0,101112,,mechanism_aware,logistic_regression,0.14429012345679015,0.1436350291430819,0.03317901234567905,0.5555555555555556
identity_attack,task_weighted_empirical,8.0,101112,,mechanism_aware,rbf_svm,0.14814814814814817,0.14814688665655085,0.03703703703703706,0.6666666666666666
identity_attack,task_weighted_empirical,8.0,101112,,mechanism_aware,random_forest,0.11882716049382716,0.11892780922295058,0.007716049382716056,0.1111111111111111
identity_attack,task_weighted_empirical,8.0,101112,,mechanism_aware,mlp,0.13541666666666666,0.13541095572119918,0.024305555555555552,0.3333333333333333
